PassengerId,Survived,Pclass,Sex,SibSp,Parch,Fare,Embarked,Deck,countDeck,Title,port_sex,Age_bin,FamilySize,Ticket_freq
1,0,3,male,1,0,7,S,U,1014,Mr,623,2,Small,1
2,1,1,female,1,0,71,C,C,94,Mrs,113,7,Small,2
3,1,3,female,0,0,7,S,U,1014,Miss,293,4,Alone,1
4,1,1,female,1,0,53,S,C,94,Mrs,293,6,Small,2
5,0,3,male,0,0,8,S,U,1014,Mr,623,6,Alone,1
6,0,3,male,0,0,8,Q,U,1014,Mr,63,7,Alone,1
7,0,1,male,0,0,51,S,E,41,Mr,623,9,Alone,2
8,0,3,male,3,1,21,S,U,1014,Master,623,0,Medium,5
9,1,3,female,0,2,11,S,U,1014,Mrs,293,4,Small,3
10,1,2,female,1,0,30,C,U,1014,Mrs,113,0,Small,2
11,1,3,female,1,1,16,S,G,5,Miss,293,0,Small,3
12,1,1,female,0,0,26,S,C,94,Miss,293,9,Alone,1
13,0,3,male,0,0,8,S,U,1014,Mr,623,2,Alone,1
14,0,3,male,1,5,31,S,U,1014,Mr,623,7,Large,7
15,0,3,female,0,0,7,S,U,1014,Miss,293,0,Alone,1
16,1,2,female,0,0,16,S,U,1014,Mrs,293,9,Alone,1
17,0,3,male,4,1,29,Q,U,1014,Master,63,0,Medium,6
18,1,2,male,0,0,13,S,U,1014,Mr,623,3,Alone,1
19,0,3,female,1,0,18,S,U,1014,Mrs,293,5,Small,2
20,1,3,female,0,0,7,C,U,1014,Mrs,113,4,Alone,1
21,0,2,male,0,0,26,S,U,1014,Mr,623,6,Alone,2
22,1,2,male,0,0,13,S,D,46,Mr,623,6,Alone,1
23,1,3,female,0,0,8,Q,U,1014,Miss,60,0,Alone,1
24,1,1,male,0,0,35,S,A,22,Mr,623,4,Alone,1
25,0,3,female,3,1,21,S,U,1014,Miss,293,0,Medium,5
26,1,3,female,1,5,31,S,U,1014,Mrs,293,7,Large,7
27,0,3,male,0,0,7,C,U,1014,Mr,157,3,Alone,1
28,0,1,male,3,2,263,S,C,94,Mr,623,1,Medium,6
29,1,3,female,0,0,7,Q,U,1014,Miss,60,3,Alone,1
30,0,3,male,0,0,7,S,U,1014,Mr,623,6,Alone,1
31,0,1,male,0,0,27,C,U,1014,Rare,157,7,Alone,1
32,1,1,female,1,0,146,C,B,65,Mrs,113,8,Small,3
33,1,3,female,0,0,7,Q,U,1014,Miss,60,3,Alone,1
34,0,2,male,0,0,10,S,U,1014,Mr,623,9,Alone,1
35,0,1,male,1,0,82,C,U,1014,Mr,157,4,Small,2
36,0,1,male,1,0,52,S,U,1014,Mr,623,8,Small,2
37,1,3,male,0,0,7,C,U,1014,Mr,157,0,Alone,1
38,0,3,male,0,0,8,S,U,1014,Mr,623,2,Alone,1
39,0,3,female,2,0,18,S,U,1014,Miss,293,1,Small,2
40,1,3,female,1,0,11,C,U,1014,Miss,113,0,Small,2
41,0,3,female,1,0,9,S,U,1014,Mrs,293,7,Small,1
42,0,2,female,1,0,21,S,U,1014,Mrs,293,4,Small,2
43,0,3,male,0,0,7,C,U,1014,Mr,157,6,Alone,1
44,1,2,female,1,2,41,C,U,1014,Miss,113,0,Small,4
45,1,3,female,0,0,7,Q,U,1014,Miss,60,1,Alone,1
46,0,3,male,0,0,8,S,U,1014,Mr,623,2,Alone,1
47,0,3,male,1,0,15,Q,U,1014,Mr,63,8,Small,2
48,1,3,female,0,0,7,Q,U,1014,Miss,60,7,Alone,1
49,0,3,male,2,0,21,C,U,1014,Mr,157,7,Small,3
50,0,3,female,1,0,17,S,U,1014,Mrs,293,1,Small,2
51,0,3,male,4,1,39,S,U,1014,Master,623,0,Medium,7
52,0,3,male,0,0,7,S,U,1014,Mr,623,2,Alone,1
53,1,1,female,1,0,76,C,D,46,Mrs,113,9,Small,3
54,1,2,female,1,0,26,S,U,1014,Mrs,293,5,Small,2
55,0,1,male,0,1,61,C,B,65,Mr,157,9,Small,2
56,1,1,male,0,0,35,S,C,94,Mr,623,8,Alone,1
57,1,2,female,0,0,10,S,U,1014,Miss,293,2,Alone,1
58,0,3,male,0,0,7,C,U,1014,Mr,157,4,Alone,1
59,1,2,female,1,2,27,S,U,1014,Miss,293,0,Small,4
60,0,3,male,5,2,46,S,U,1014,Master,623,0,Large,8
61,0,3,male,0,0,7,C,U,1014,Mr,157,2,Alone,1
62,1,1,female,0,0,80,S,B,65,Miss,293,7,Alone,2
63,0,1,male,1,0,83,S,C,94,Mr,623,8,Small,2
64,0,3,male,3,2,27,S,U,1014,Master,623,0,Medium,6
65,0,1,male,0,0,27,C,U,1014,Mr,157,0,Alone,1
66,1,3,male,1,1,15,C,U,1014,Master,157,4,Small,3
67,1,2,female,0,0,10,S,F,21,Mrs,293,5,Alone,1
68,0,3,male,0,0,8,S,U,1014,Mr,623,1,Alone,1
69,1,3,female,4,2,7,S,U,1014,Miss,293,1,Large,1
70,0,3,male,2,0,8,S,U,1014,Mr,623,4,Small,1
71,0,2,male,0,0,10,S,U,1014,Mr,623,6,Alone,1
72,0,3,female,5,2,46,S,U,1014,Miss,293,0,Large,8
73,0,2,male,0,0,73,S,U,1014,Mr,623,2,Alone,7
74,0,3,male,1,0,14,C,U,1014,Mr,157,4,Small,2
75,1,3,male,0,0,56,S,U,1014,Mr,623,6,Alone,8
76,0,3,male,0,0,7,S,F,21,Mr,623,3,Alone,1
77,0,3,male,0,0,7,S,U,1014,Mr,623,5,Alone,1
78,0,3,male,0,0,8,S,U,1014,Mr,623,0,Alone,1
79,1,2,male,0,2,29,S,U,1014,Master,623,0,Small,3
80,1,3,female,0,0,12,S,U,1014,Miss,293,5,Alone,2
81,0,3,male,0,0,9,S,U,1014,Mr,623,2,Alone,1
82,1,3,male,0,0,9,S,U,1014,Mr,623,5,Alone,1
83,1,3,female,0,0,7,Q,U,1014,Miss,60,8,Alone,1
84,0,1,male,0,0,47,S,U,1014,Mr,623,4,Alone,2
85,1,2,female,0,0,10,S,U,1014,Miss,293,1,Alone,1
86,1,3,female,3,0,15,S,U,1014,Mrs,293,6,Small,2
87,0,3,male,1,3,34,S,U,1014,Mr,623,0,Medium,5
88,0,3,male,0,0,8,S,U,1014,Mr,623,7,Alone,1
89,1,1,female,3,2,263,S,C,94,Miss,293,3,Medium,6
90,0,3,male,0,0,8,S,U,1014,Mr,623,3,Alone,1
91,0,3,male,0,0,8,S,U,1014,Mr,623,5,Alone,1
92,0,3,male,0,0,7,S,U,1014,Mr,623,2,Alone,1
93,0,1,male,1,0,61,S,E,41,Mr,623,8,Small,2
94,0,3,male,1,2,20,S,U,1014,Mr,623,4,Small,4
95,0,3,male,0,0,7,S,U,1014,Mr,623,9,Alone,1
96,0,3,male,0,0,8,S,U,1014,Mr,623,3,Alone,1
97,0,1,male,0,0,34,C,A,22,Mr,157,9,Alone,1
98,1,1,male,0,1,63,C,D,46,Mr,157,3,Small,2
99,1,2,female,0,1,23,S,U,1014,Mrs,293,6,Small,2
100,0,2,male,1,0,26,S,U,1014,Mr,623,6,Small,2
101,0,3,female,0,0,7,S,U,1014,Miss,293,4,Alone,1
102,0,3,male,0,0,7,S,U,1014,Mr,623,7,Alone,1
103,0,1,male,0,1,77,S,D,46,Mr,623,2,Small,2
104,0,3,male,0,0,8,S,U,1014,Mr,623,6,Alone,1
105,0,3,male,2,0,7,S,U,1014,Mr,623,7,Small,1
106,0,3,male,0,0,7,S,U,1014,Mr,623,4,Alone,1
107,1,3,female,0,0,7,S,U,1014,Miss,293,2,Alone,1
108,1,3,male,0,0,7,S,U,1014,Mr,623,1,Alone,1
109,0,3,male,0,0,7,S,U,1014,Mr,623,7,Alone,1
110,1,3,female,1,0,24,Q,U,1014,Miss,60,5,Small,3
111,0,1,male,0,0,52,S,C,94,Mr,623,8,Alone,2
112,0,3,female,1,0,14,C,U,1014,Miss,113,0,Small,2
113,0,3,male,0,0,8,S,U,1014,Mr,623,2,Alone,1
114,0,3,female,1,0,9,S,U,1014,Miss,293,2,Small,1
115,0,3,female,0,0,14,C,U,1014,Miss,113,1,Alone,2
116,0,3,male,0,0,7,S,U,1014,Mr,623,2,Alone,1
117,0,3,male,0,0,7,Q,U,1014,Mr,63,9,Alone,1
118,0,2,male,1,0,21,S,U,1014,Mr,623,5,Small,2
119,0,1,male,0,1,247,C,B,65,Mr,157,3,Small,3
120,0,3,female,4,2,31,S,U,1014,Miss,293,0,Large,7
121,0,2,male,2,0,73,S,U,1014,Mr,623,2,Small,7
122,0,3,male,0,0,8,S,U,1014,Mr,623,4,Alone,1
123,0,2,male,1,0,30,C,U,1014,Mr,157,6,Small,2
124,1,2,female,0,0,13,S,E,41,Miss,293,6,Alone,1
125,0,1,male,0,1,77,S,D,46,Mr,623,9,Small,2
126,1,3,male,1,0,11,C,U,1014,Master,157,0,Small,2
127,0,3,male,0,0,7,Q,U,1014,Mr,63,5,Alone,1
128,1,3,male,0,0,7,S,U,1014,Mr,623,3,Alone,1
129,1,3,female,1,1,22,C,F,21,Miss,113,2,Small,3
130,0,3,male,0,0,6,S,U,1014,Mr,623,8,Alone,1
131,0,3,male,0,0,7,C,U,1014,Mr,157,6,Alone,1
132,0,3,male,0,0,7,S,U,1014,Mr,623,2,Alone,1
133,0,3,female,1,0,14,S,U,1014,Mrs,293,8,Small,2
134,1,2,female,1,0,26,S,U,1014,Mrs,293,5,Small,2
135,0,2,male,0,0,13,S,U,1014,Mr,623,3,Alone,1
136,0,2,male,0,0,15,C,U,1014,Mr,157,3,Alone,1
137,1,1,female,0,2,26,S,D,46,Miss,293,1,Small,1
138,0,1,male,1,0,53,S,C,94,Mr,623,7,Small,2
139,0,3,male,0,0,9,S,U,1014,Mr,623,0,Alone,2
140,0,1,male,0,0,79,C,B,65,Mr,157,3,Alone,2
141,0,3,female,0,2,15,C,U,1014,Mrs,113,4,Small,3
142,1,3,female,0,0,7,S,U,1014,Miss,293,2,Alone,1
143,1,3,female,1,0,15,S,U,1014,Mrs,293,3,Small,2
144,0,3,male,0,0,6,Q,U,1014,Mr,63,1,Alone,1
145,0,2,male,0,0,11,S,U,1014,Mr,623,1,Alone,1
146,0,2,male,1,1,36,S,U,1014,Mr,623,1,Small,4
147,1,3,male,0,0,7,S,U,1014,Mr,623,4,Alone,1
148,0,3,female,2,2,34,S,U,1014,Miss,293,0,Medium,5
149,0,2,male,0,2,26,S,F,21,Mr,623,7,Small,3
150,0,2,male,0,0,13,S,U,1014,Rare,623,8,Alone,1
151,0,2,male,0,0,12,S,U,1014,Rare,623,9,Alone,1
152,1,1,female,1,0,66,S,C,94,Mrs,293,2,Small,2
153,0,3,male,0,0,8,S,U,1014,Mr,623,9,Alone,1
154,0,3,male,0,2,14,S,U,1014,Mr,623,7,Small,3
155,0,3,male,0,0,7,S,U,1014,Mr,623,7,Alone,1
156,0,1,male,0,1,61,C,U,1014,Mr,157,9,Small,2
157,1,3,female,0,0,7,Q,U,1014,Miss,60,0,Alone,1
158,0,3,male,0,0,8,S,U,1014,Mr,623,5,Alone,1
159,0,3,male,0,0,8,S,U,1014,Mr,623,3,Alone,1
160,0,3,male,8,2,69,S,U,1014,Master,623,1,Large,11
161,0,3,male,0,1,16,S,U,1014,Mr,623,8,Small,2
162,1,2,female,0,0,15,S,U,1014,Mrs,293,7,Alone,2
163,0,3,male,0,0,7,S,U,1014,Mr,623,4,Alone,1
164,0,3,male,0,0,8,S,U,1014,Mr,623,1,Alone,1
165,0,3,male,4,1,39,S,U,1014,Master,623,0,Medium,7
166,1,3,male,0,2,20,S,U,1014,Master,623,0,Small,3
167,1,1,female,0,1,55,S,E,41,Mrs,293,4,Small,2
168,0,3,female,1,4,27,S,U,1014,Mrs,293,8,Medium,6
169,0,1,male,0,0,25,S,U,1014,Mr,623,7,Alone,1
170,0,3,male,0,0,56,S,U,1014,Mr,623,4,Alone,8
171,0,1,male,0,0,33,S,B,65,Mr,623,9,Alone,1
172,0,3,male,4,1,29,Q,U,1014,Master,63,0,Medium,6
173,1,3,female,1,1,11,S,U,1014,Miss,293,0,Small,3
174,0,3,male,0,0,7,S,U,1014,Mr,623,2,Alone,1
175,0,1,male,0,0,30,C,A,22,Mr,157,9,Alone,1
176,0,3,male,1,1,7,S,U,1014,Mr,623,1,Small,1
177,0,3,male,3,1,25,S,U,1014,Master,623,7,Medium,5
178,0,1,female,0,0,28,C,C,94,Miss,113,9,Alone,1
179,0,2,male,0,0,13,S,U,1014,Mr,623,5,Alone,1
180,0,3,male,0,0,0,S,U,1014,Mr,623,7,Alone,4
181,0,3,female,8,2,69,S,U,1014,Miss,293,6,Large,11
182,0,2,male,0,0,15,C,U,1014,Mr,157,5,Alone,1
183,0,3,male,4,2,31,S,U,1014,Master,623,0,Large,7
184,1,2,male,2,1,39,S,F,21,Master,623,0,Small,4
185,1,3,female,0,2,22,S,U,1014,Miss,293,0,Small,3
186,0,1,male,0,0,50,S,A,22,Mr,623,7,Alone,1
187,1,3,female,1,0,15,Q,U,1014,Mrs,60,8,Small,2
188,1,1,male,0,0,26,S,U,1014,Mr,623,8,Alone,1
189,0,3,male,1,1,15,Q,U,1014,Mr,63,7,Small,2
190,0,3,male,0,0,7,S,U,1014,Mr,623,7,Alone,1
191,1,2,female,0,0,13,S,U,1014,Mrs,293,6,Alone,1
192,0,2,male,0,0,13,S,U,1014,Mr,623,1,Alone,1
193,1,3,female,1,0,7,S,U,1014,Miss,293,1,Small,1
194,1,2,male,1,1,26,S,F,21,Master,623,0,Small,3
195,1,1,female,0,0,27,C,B,65,Mrs,113,8,Alone,1
196,1,1,female,0,0,146,C,B,65,Miss,113,9,Alone,3
197,0,3,male,0,0,7,Q,U,1014,Mr,63,6,Alone,1
198,0,3,male,0,1,8,S,U,1014,Mr,623,8,Small,1
199,1,3,female,0,0,7,Q,U,1014,Miss,60,3,Alone,1
200,0,2,female,0,0,13,S,U,1014,Miss,293,3,Alone,1
201,0,3,male,0,0,9,S,U,1014,Mr,623,4,Alone,1
202,0,3,male,8,2,69,S,U,1014,Mr,623,4,Large,11
203,0,3,male,0,0,6,S,U,1014,Mr,623,6,Alone,1
204,0,3,male,0,0,7,C,U,1014,Mr,157,8,Alone,1
205,1,3,male,0,0,8,S,U,1014,Mr,623,1,Alone,1
206,0,3,female,0,1,10,S,G,5,Miss,293,0,Small,2
207,0,3,male,1,0,15,S,U,1014,Mr,623,6,Small,2
208,1,3,male,0,0,18,C,U,1014,Mr,157,4,Alone,2
209,1,3,female,0,0,7,Q,U,1014,Miss,60,0,Alone,1
210,1,1,male,0,0,31,C,A,22,Mr,157,7,Alone,1
211,0,3,male,0,0,7,S,U,1014,Mr,623,3,Alone,1
212,1,2,female,0,0,21,S,U,1014,Miss,293,6,Alone,2
213,0,3,male,0,0,7,S,U,1014,Mr,623,2,Alone,1
214,0,2,male,0,0,13,S,U,1014,Mr,623,5,Alone,1
215,0,3,male,1,0,7,Q,U,1014,Mr,63,8,Small,1
216,1,1,female,1,0,113,C,D,46,Miss,113,5,Small,3
217,1,3,female,0,0,7,S,U,1014,Miss,293,4,Alone,1
218,0,2,male,1,0,27,S,U,1014,Mr,623,8,Small,2
219,1,1,female,0,0,76,C,D,46,Miss,113,6,Alone,2
220,0,2,male,0,0,10,S,U,1014,Mr,623,5,Alone,1
221,1,3,male,0,0,8,S,U,1014,Mr,623,0,Alone,1
222,0,2,male,0,0,13,S,U,1014,Mr,623,4,Alone,1
223,0,3,male,0,0,8,S,U,1014,Mr,623,9,Alone,1
224,0,3,male,0,0,7,S,U,1014,Mr,623,3,Alone,1
225,1,1,male,1,0,90,S,C,94,Mr,623,7,Small,2
226,0,3,male,0,0,9,S,U,1014,Mr,623,2,Alone,1
227,1,2,male,0,0,10,S,U,1014,Mr,623,1,Alone,1
228,0,3,male,0,0,7,S,U,1014,Mr,623,2,Alone,1
229,0,2,male,0,0,13,S,U,1014,Mr,623,1,Alone,1
230,0,3,female,3,1,25,S,U,1014,Miss,293,7,Medium,5
231,1,1,female,1,0,83,S,C,94,Mrs,293,6,Small,2
232,0,3,male,0,0,7,S,U,1014,Mr,623,5,Alone,1
233,0,2,male,0,0,13,S,U,1014,Mr,623,9,Alone,1
234,1,3,female,4,2,31,S,U,1014,Miss,293,0,Large,7
235,0,2,male,0,0,10,S,U,1014,Mr,623,3,Alone,1
236,0,3,female,0,0,7,S,U,1014,Miss,293,2,Alone,1
237,0,2,male,1,0,26,S,U,1014,Mr,623,8,Small,2
238,1,2,female,0,2,26,S,U,1014,Miss,293,0,Small,3
239,0,2,male,0,0,10,S,U,1014,Mr,623,1,Alone,1
240,0,2,male,0,0,12,S,U,1014,Mr,623,6,Alone,1
241,0,3,female,1,0,14,C,U,1014,Miss,113,3,Small,2
242,1,3,female,1,0,15,Q,U,1014,Miss,60,8,Small,2
243,0,2,male,0,0,10,S,U,1014,Mr,623,5,Alone,1
244,0,3,male,0,0,7,S,U,1014,Mr,623,2,Alone,1
245,0,3,male,0,0,7,C,U,1014,Mr,157,5,Alone,1
246,0,1,male,2,0,90,Q,C,94,Rare,63,8,Small,3
247,0,3,female,0,0,7,S,U,1014,Miss,293,3,Alone,1
248,1,2,female,0,2,14,S,U,1014,Mrs,293,3,Small,2
249,1,1,male,1,1,52,S,D,46,Mr,623,7,Small,2
250,0,2,male,1,0,26,S,U,1014,Rare,623,9,Small,2
251,0,3,male,0,0,7,S,U,1014,Mr,623,3,Alone,1
252,0,3,female,1,1,10,S,G,5,Mrs,293,5,Small,2
253,0,1,male,0,0,26,S,C,94,Mr,623,9,Alone,1
254,0,3,male,1,0,16,S,U,1014,Mr,623,5,Small,2
255,0,3,female,0,2,20,S,U,1014,Mrs,293,8,Small,3
256,1,3,female,0,2,15,C,U,1014,Mrs,113,5,Small,3
257,1,1,female,0,0,79,C,U,1014,Mrs,113,0,Alone,2
258,1,1,female,0,0,86,S,B,65,Miss,293,5,Alone,3
259,1,1,female,0,0,512,C,U,1014,Miss,113,6,Alone,4
260,1,2,female,0,1,26,S,U,1014,Mrs,293,9,Small,2
261,0,3,male,0,0,7,Q,U,1014,Mr,63,6,Alone,1
262,1,3,male,4,2,31,S,U,1014,Master,623,0,Large,7
263,0,1,male,1,1,79,S,E,41,Mr,623,9,Small,3
264,0,1,male,0,0,0,S,B,65,Mr,623,7,Alone,1
265,0,3,female,0,0,7,Q,U,1014,Miss,60,7,Alone,1
266,0,2,male,0,0,10,S,U,1014,Mr,623,7,Alone,1
267,0,3,male,4,1,39,S,U,1014,Mr,623,0,Medium,7
268,1,3,male,1,0,7,S,U,1014,Mr,623,3,Small,1
269,1,1,female,0,1,153,S,C,94,Mrs,293,9,Small,3
270,1,1,female,0,0,135,S,C,94,Miss,293,6,Alone,4
271,0,1,male,0,0,31,S,U,1014,Mr,623,7,Alone,2
272,1,3,male,0,0,0,S,U,1014,Mr,623,3,Alone,4
273,1,2,female,0,1,19,S,U,1014,Mrs,293,8,Small,2
274,0,1,male,0,1,29,C,C,94,Mr,157,7,Small,1
275,1,3,female,0,0,7,Q,U,1014,Miss,60,7,Alone,1
276,1,1,female,1,0,77,S,D,46,Miss,293,9,Small,3
277,0,3,female,0,0,7,S,U,1014,Miss,293,8,Alone,1
278,0,2,male,0,0,0,S,U,1014,Mr,623,3,Alone,3
279,0,3,male,4,1,29,Q,U,1014,Master,63,0,Medium,6
280,1,3,female,1,1,20,S,U,1014,Mrs,293,6,Small,3
281,0,3,male,0,0,7,Q,U,1014,Mr,63,9,Alone,1
282,0,3,male,0,0,7,S,U,1014,Mr,623,4,Alone,1
283,0,3,male,0,0,9,S,U,1014,Mr,623,0,Alone,1
284,1,3,male,0,0,8,S,U,1014,Mr,623,1,Alone,1
285,0,1,male,0,0,26,S,A,22,Mr,623,1,Alone,1
286,0,3,male,0,0,8,C,U,1014,Mr,157,6,Alone,1
287,1,3,male,0,0,9,S,U,1014,Mr,623,5,Alone,1
288,0,3,male,0,0,7,S,U,1014,Mr,623,2,Alone,1
289,1,2,male,0,0,13,S,U,1014,Mr,623,8,Alone,1
290,1,3,female,0,0,7,Q,U,1014,Miss,60,2,Alone,1
291,1,1,female,0,0,78,S,U,1014,Miss,293,4,Alone,3
292,1,1,female,1,0,91,C,B,65,Mrs,113,1,Small,2
293,0,2,male,0,0,12,C,D,46,Mr,157,7,Alone,1
294,0,3,female,0,0,8,S,U,1014,Miss,293,3,Alone,1
295,0,3,male,0,0,7,S,U,1014,Mr,623,3,Alone,1
296,0,1,male,0,0,27,C,U,1014,Mr,157,7,Alone,1
297,0,3,male,0,0,7,C,U,1014,Mr,157,3,Alone,1
298,0,1,female,1,2,151,S,C,94,Miss,293,0,Small,6
299,1,1,male,0,0,30,S,C,94,Mr,623,6,Alone,1
300,1,1,female,0,1,247,C,B,65,Mrs,113,9,Small,3
301,1,3,female,0,0,7,Q,U,1014,Miss,60,6,Alone,1
302,1,3,male,2,0,23,Q,U,1014,Mr,63,0,Small,3
303,0,3,male,0,0,0,S,U,1014,Mr,623,1,Alone,4
304,1,2,female,0,0,12,Q,E,41,Miss,60,6,Alone,1
305,0,3,male,0,0,8,S,U,1014,Mr,623,0,Alone,1
306,1,1,male,1,2,151,S,C,94,Master,623,0,Small,6
307,1,1,female,0,0,110,C,U,1014,Miss,113,4,Alone,4
308,1,1,female,1,0,108,C,C,94,Mrs,113,1,Small,3
309,0,2,male,1,0,24,C,U,1014,Mr,157,5,Small,2
310,1,1,female,0,0,56,C,E,41,Miss,113,5,Alone,2
311,1,1,female,0,0,83,C,C,94,Miss,113,3,Alone,3
312,1,1,female,2,2,262,C,B,65,Miss,113,1,Medium,7
313,0,2,female,1,1,26,S,U,1014,Mrs,293,4,Small,2
314,0,3,male,0,0,7,S,U,1014,Mr,623,4,Alone,1
315,0,2,male,1,1,26,S,U,1014,Mr,623,8,Small,3
316,1,3,female,0,0,7,S,U,1014,Miss,293,4,Alone,1
317,1,2,female,1,0,26,S,U,1014,Mrs,293,3,Small,2
318,0,2,male,0,0,14,S,U,1014,Rare,623,9,Alone,1
319,1,1,female,0,2,164,S,C,94,Miss,293,5,Small,4
320,1,1,female,1,1,134,C,E,41,Mrs,113,7,Small,5
321,0,3,male,0,0,7,S,U,1014,Mr,623,2,Alone,1
322,0,3,male,0,0,7,S,U,1014,Mr,623,4,Alone,1
323,1,2,female,0,0,12,Q,U,1014,Miss,60,5,Alone,1
324,1,2,female,1,1,29,S,U,1014,Mrs,293,2,Small,3
325,0,3,male,8,2,69,S,U,1014,Mr,623,2,Large,11
326,1,1,female,0,0,135,C,C,94,Miss,113,7,Alone,4
327,0,3,male,0,0,6,S,U,1014,Mr,623,9,Alone,1
328,1,2,female,0,0,13,S,D,46,Mrs,293,7,Alone,1
329,1,3,female,1,1,20,S,U,1014,Mrs,293,5,Small,3
330,1,1,female,0,1,57,C,B,65,Miss,113,1,Small,2
331,1,3,female,2,0,23,Q,U,1014,Miss,60,5,Small,3
332,0,1,male,0,0,28,S,C,94,Mr,623,8,Alone,1
333,0,1,male,0,1,153,S,C,94,Mr,623,7,Small,3
334,0,3,male,2,0,18,S,U,1014,Mr,623,1,Small,2
335,1,1,female,1,0,133,S,U,1014,Mrs,293,4,Small,2
336,0,3,male,0,0,7,S,U,1014,Mr,623,5,Alone,1
337,0,1,male,1,0,66,S,C,94,Mr,623,5,Small,2
338,1,1,female,0,0,134,C,E,41,Miss,113,8,Alone,5
339,1,3,male,0,0,8,S,U,1014,Mr,623,8,Alone,1
340,0,1,male,0,0,35,S,T,1,Mr,623,8,Alone,1
341,1,2,male,1,1,26,S,F,21,Master,623,0,Small,3
342,1,1,female,3,2,263,S,C,94,Miss,293,3,Medium,6
343,0,2,male,0,0,13,S,U,1014,Mr,623,4,Alone,1
344,0,2,male,0,0,13,S,U,1014,Mr,623,3,Alone,1
345,0,2,male,0,0,13,S,U,1014,Mr,623,7,Alone,1
346,1,2,female,0,0,13,S,F,21,Miss,293,3,Alone,1
347,1,2,female,0,0,13,S,U,1014,Miss,293,7,Alone,1
348,1,3,female,1,0,16,S,U,1014,Mrs,293,8,Small,2
349,1,3,male,1,1,15,S,U,1014,Master,623,0,Small,3
350,0,3,male,0,0,8,S,U,1014,Mr,623,8,Alone,1
351,0,3,male,0,0,9,S,U,1014,Mr,623,3,Alone,1
352,0,1,male,0,0,35,S,C,94,Mr,623,7,Alone,1
353,0,3,male,1,1,7,C,U,1014,Mr,157,0,Small,1
354,0,3,male,1,0,17,S,U,1014,Mr,623,3,Small,2
355,0,3,male,0,0,7,C,U,1014,Mr,157,2,Alone,1
356,0,3,male,0,0,9,S,U,1014,Mr,623,4,Alone,1
357,1,1,female,0,1,55,S,E,41,Miss,293,2,Small,2
358,0,2,female,0,0,13,S,U,1014,Miss,293,7,Alone,1
359,1,3,female,0,0,7,Q,U,1014,Miss,60,4,Alone,1
360,1,3,female,0,0,7,Q,U,1014,Miss,60,5,Alone,1
361,0,3,male,1,4,27,S,U,1014,Mr,623,7,Medium,6
362,0,2,male,1,0,27,C,U,1014,Mr,157,5,Small,2
363,0,3,female,0,1,14,C,U,1014,Mrs,113,8,Small,2
364,0,3,male,0,0,7,S,U,1014,Mr,623,6,Alone,1
365,0,3,male,1,0,15,Q,U,1014,Mr,63,7,Small,2
366,0,3,male,0,0,7,S,U,1014,Mr,623,5,Alone,1
367,1,1,female,1,0,75,C,D,46,Mrs,113,9,Small,2
368,1,3,female,0,0,7,C,U,1014,Mrs,113,3,Alone,1
369,1,3,female,0,0,7,Q,U,1014,Miss,60,2,Alone,1
370,1,1,female,0,0,69,C,B,65,Mrs,113,3,Alone,2
371,1,1,male,1,0,55,C,E,41,Mr,157,3,Small,2
372,0,3,male,1,0,6,S,U,1014,Mr,623,1,Small,1
373,0,3,male,0,0,8,S,U,1014,Mr,623,1,Alone,1
374,0,1,male,0,0,135,C,U,1014,Mr,157,2,Alone,4
375,0,3,female,3,1,21,S,U,1014,Miss,293,0,Medium,5
376,1,1,female,1,0,82,C,U,1014,Mrs,113,6,Small,2
377,1,3,female,0,0,7,S,U,1014,Miss,293,2,Alone,1
378,0,1,male,0,2,211,C,C,94,Mr,157,4,Small,5
379,0,3,male,0,0,4,C,U,1014,Mr,157,2,Alone,1
380,0,3,male,0,0,7,S,U,1014,Mr,623,1,Alone,1
381,1,1,female,0,0,227,C,U,1014,Miss,113,8,Alone,5
382,1,3,female,0,2,15,C,U,1014,Miss,113,0,Small,3
383,0,3,male,0,0,7,S,U,1014,Mr,623,6,Alone,1
384,1,1,female,1,0,52,S,U,1014,Mrs,293,6,Small,2
385,0,3,male,0,0,7,S,U,1014,Mr,623,1,Alone,1
386,0,2,male,0,0,73,S,U,1014,Mr,623,1,Alone,7
387,0,3,male,5,2,46,S,U,1014,Master,623,0,Large,8
388,1,2,female,0,0,13,S,U,1014,Miss,293,7,Alone,1
389,0,3,male,0,0,7,Q,U,1014,Mr,63,5,Alone,1
390,1,2,female,0,0,12,C,U,1014,Miss,113,1,Alone,1
391,1,1,male,1,2,120,S,B,65,Mr,623,7,Small,4
392,1,3,male,0,0,7,S,U,1014,Mr,623,2,Alone,1
393,0,3,male,2,0,7,S,U,1014,Mr,623,4,Small,1
394,1,1,female,1,0,113,C,D,46,Miss,113,3,Small,3
395,1,3,female,0,2,16,S,G,5,Mrs,293,3,Small,3
396,0,3,male,0,0,7,S,U,1014,Mr,623,2,Alone,1
397,0,3,female,0,0,7,S,U,1014,Miss,293,5,Alone,1
398,0,2,male,0,0,26,S,U,1014,Mr,623,8,Alone,2
399,0,2,male,0,0,10,S,U,1014,Rare,623,3,Alone,1
400,1,2,female,0,0,12,S,U,1014,Mrs,293,4,Alone,1
401,1,3,male,0,0,7,S,U,1014,Mr,623,7,Alone,1
402,0,3,male,0,0,8,S,U,1014,Mr,623,4,Alone,1
403,0,3,female,1,0,9,S,U,1014,Miss,293,2,Small,1
404,0,3,male,1,0,15,S,U,1014,Mr,623,4,Small,2
405,0,3,female,0,0,8,S,U,1014,Miss,293,2,Alone,1
406,0,2,male,1,0,21,S,U,1014,Mr,623,6,Small,2
407,0,3,male,0,0,7,S,U,1014,Mr,623,9,Alone,1
408,1,2,male,1,1,18,S,U,1014,Master,623,0,Small,3
409,0,3,male,0,0,7,S,U,1014,Mr,623,2,Alone,1
410,0,3,female,3,1,25,S,U,1014,Miss,293,7,Medium,5
411,0,3,male,0,0,7,S,U,1014,Mr,623,4,Alone,1
412,0,3,male,0,0,6,Q,U,1014,Mr,63,2,Alone,1
413,1,1,female,1,0,90,Q,C,94,Miss,60,6,Small,3
414,0,2,male,0,0,0,S,U,1014,Mr,623,6,Alone,3
415,1,3,male,0,0,7,S,U,1014,Mr,623,8,Alone,1
416,0,3,female,0,0,8,S,U,1014,Mrs,293,1,Alone,1
417,1,2,female,1,1,32,S,U,1014,Mrs,293,6,Small,3
418,1,2,female,0,2,13,S,U,1014,Miss,293,1,Small,1
419,0,2,male,0,0,13,S,U,1014,Mr,623,5,Alone,1
420,0,3,female,0,2,24,S,U,1014,Miss,293,0,Small,3
421,0,3,male,0,0,7,C,U,1014,Mr,157,7,Alone,1
422,0,3,male,0,0,7,Q,U,1014,Mr,63,2,Alone,1
423,0,3,male,0,0,7,S,U,1014,Mr,623,5,Alone,1
424,0,3,female,1,1,14,S,U,1014,Mrs,293,4,Small,3
425,0,3,male,1,1,20,S,U,1014,Mr,623,1,Small,3
426,0,3,male,0,0,7,S,U,1014,Mr,623,5,Alone,1
427,1,2,female,1,0,26,S,U,1014,Mrs,293,4,Small,2
428,1,2,female,0,0,26,S,U,1014,Miss,293,1,Alone,2
429,0,3,male,0,0,7,Q,U,1014,Mr,63,1,Alone,1
430,1,3,male,0,0,8,S,E,41,Mr,623,6,Alone,1
431,1,1,male,0,0,26,S,C,94,Mr,623,4,Alone,1
432,1,3,female,1,0,16,S,U,1014,Mrs,293,3,Small,2
433,1,2,female,1,0,26,S,U,1014,Mrs,293,8,Small,2
434,0,3,male,0,0,7,S,U,1014,Mr,623,1,Alone,1
435,0,1,male,1,0,55,S,E,41,Mr,623,9,Small,2
436,1,1,female,1,2,120,S,B,65,Miss,293,0,Small,4
437,0,3,female,2,2,34,S,U,1014,Miss,293,2,Medium,5
438,1,2,female,2,3,18,S,U,1014,Mrs,293,3,Medium,3
439,0,1,male,1,4,263,S,C,94,Mr,623,9,Medium,6
440,0,2,male,0,0,10,S,U,1014,Mr,623,5,Alone,1
441,1,2,female,1,1,26,S,U,1014,Mrs,293,8,Small,3
442,0,3,male,0,0,9,S,U,1014,Mr,623,2,Alone,1
443,0,3,male,1,0,7,S,U,1014,Mr,623,3,Small,1
444,1,2,female,0,0,13,S,U,1014,Miss,293,4,Alone,1
445,1,3,male,0,0,8,S,U,1014,Mr,623,1,Alone,1
446,1,1,male,0,2,81,S,A,22,Master,623,0,Small,3
447,1,2,female,0,1,19,S,U,1014,Miss,293,0,Small,2
448,1,1,male,0,0,26,S,U,1014,Mr,623,6,Alone,1
449,1,3,female,2,1,19,C,U,1014,Miss,113,0,Small,4
450,1,1,male,0,0,30,S,C,94,Rare,623,9,Alone,1
451,0,2,male,1,2,27,S,U,1014,Mr,623,7,Small,4
452,0,3,male,1,0,19,S,U,1014,Mr,623,3,Small,1
453,0,1,male,0,0,27,C,C,94,Mr,157,5,Alone,1
454,1,1,male,1,0,89,C,C,94,Mr,157,9,Small,2
455,0,3,male,0,0,8,S,U,1014,Mr,623,6,Alone,1
456,1,3,male,0,0,7,C,U,1014,Mr,157,5,Alone,1
457,0,1,male,0,0,26,S,E,41,Mr,623,9,Alone,1
458,1,1,female,1,0,51,S,D,46,Mrs,293,8,Small,2
459,1,2,female,0,0,10,S,U,1014,Miss,293,9,Alone,1
460,0,3,male,0,0,7,Q,U,1014,Mr,63,6,Alone,1
461,1,1,male,0,0,26,S,E,41,Mr,623,8,Alone,1
462,0,3,male,0,0,8,S,U,1014,Mr,623,6,Alone,1
463,0,1,male,0,0,38,S,E,41,Mr,623,8,Alone,1
464,0,2,male,0,0,13,S,U,1014,Mr,623,8,Alone,1
465,0,3,male,0,0,8,S,U,1014,Mr,623,2,Alone,1
466,0,3,male,0,0,7,S,U,1014,Mr,623,7,Alone,1
467,0,2,male,0,0,0,S,U,1014,Mr,623,3,Alone,3
468,0,1,male,0,0,26,S,U,1014,Mr,623,9,Alone,1
469,0,3,male,0,0,7,Q,U,1014,Mr,63,6,Alone,1
470,1,3,female,2,1,19,C,U,1014,Miss,113,0,Small,4
471,0,3,male,0,0,7,S,U,1014,Mr,623,6,Alone,1
472,0,3,male,0,0,8,S,U,1014,Mr,623,7,Alone,1
473,1,2,female,1,2,27,S,U,1014,Mrs,293,6,Small,4
474,1,2,female,0,0,13,C,D,46,Mrs,113,3,Alone,1
475,0,3,female,0,0,9,S,U,1014,Miss,293,2,Alone,1
476,0,1,male,0,0,52,S,A,22,Mr,623,6,Alone,2
477,0,2,male,1,0,21,S,U,1014,Mr,623,6,Small,2
478,0,3,male,1,0,7,S,U,1014,Mr,623,5,Small,1
479,0,3,male,0,0,7,S,U,1014,Mr,623,2,Alone,1
480,1,3,female,0,1,12,S,U,1014,Miss,293,0,Small,2
481,0,3,male,5,2,46,S,U,1014,Master,623,0,Large,8
482,0,2,male,0,0,0,S,U,1014,Mr,623,7,Alone,1
483,0,3,male,0,0,8,S,U,1014,Mr,623,9,Alone,1
484,1,3,female,0,0,9,S,U,1014,Mrs,293,9,Alone,1
485,1,1,male,1,0,91,C,B,65,Mr,157,3,Small,2
486,0,3,female,3,1,25,S,U,1014,Miss,293,1,Medium,5
487,1,1,female,1,0,90,S,C,94,Mrs,293,6,Small,2
488,0,1,male,0,0,29,C,B,65,Mr,157,9,Alone,1
489,0,3,male,0,0,8,S,U,1014,Mr,623,5,Alone,1
490,1,3,male,1,1,15,S,U,1014,Master,623,0,Small,3
491,0,3,male,1,0,19,S,U,1014,Mr,623,1,Small,1
492,0,3,male,0,0,7,S,U,1014,Mr,623,2,Alone,1
493,0,1,male,0,0,30,S,C,94,Mr,623,9,Alone,1
494,0,1,male,0,0,49,C,U,1014,Mr,157,9,Alone,1
495,0,3,male,0,0,8,S,U,1014,Mr,623,2,Alone,1
496,0,3,male,0,0,14,C,U,1014,Mr,157,6,Alone,2
497,1,1,female,1,0,78,C,D,46,Miss,113,9,Small,2
498,0,3,male,0,0,15,S,U,1014,Mr,623,7,Alone,2
499,0,1,female,1,2,151,S,C,94,Mrs,293,3,Small,6
500,0,3,male,0,0,7,S,U,1014,Mr,623,3,Alone,1
501,0,3,male,0,0,8,S,U,1014,Mr,623,1,Alone,1
502,0,3,female,0,0,7,Q,U,1014,Miss,60,2,Alone,1
503,0,3,female,0,0,7,Q,U,1014,Miss,60,8,Alone,1
504,0,3,female,0,0,9,S,U,1014,Miss,293,7,Alone,1
505,1,1,female,0,0,86,S,B,65,Miss,293,1,Alone,3
506,0,1,male,1,0,108,C,C,94,Mr,157,1,Small,3
507,1,2,female,0,2,26,S,U,1014,Mrs,293,6,Small,3
508,1,1,male,0,0,26,S,U,1014,Mr,623,2,Alone,1
509,0,3,male,0,0,22,S,U,1014,Mr,623,4,Alone,3
510,1,3,male,0,0,56,S,U,1014,Mr,623,4,Alone,8
511,1,3,male,0,0,7,Q,U,1014,Mr,63,5,Alone,1
512,0,3,male,0,0,8,S,U,1014,Mr,623,7,Alone,1
513,1,1,male,0,0,26,S,E,41,Mr,623,7,Alone,1
514,1,1,female,1,0,59,C,U,1014,Mrs,113,9,Small,2
515,0,3,male,0,0,7,S,U,1014,Mr,623,3,Alone,1
516,0,1,male,0,0,34,S,D,46,Mr,623,8,Alone,1
517,1,2,female,0,0,10,S,F,21,Mrs,293,6,Alone,1
518,0,3,male,0,0,24,Q,U,1014,Mr,63,4,Alone,3
519,1,2,female,1,0,26,S,U,1014,Mrs,293,7,Small,2
520,0,3,male,0,0,7,S,U,1014,Mr,623,6,Alone,1
521,1,1,female,0,0,93,S,B,65,Miss,293,5,Alone,4
522,0,3,male,0,0,7,S,U,1014,Mr,623,2,Alone,1
523,0,3,male,0,0,7,C,U,1014,Mr,157,8,Alone,1
524,1,1,female,0,1,57,C,B,65,Mrs,113,8,Small,2
525,0,3,male,0,0,7,C,U,1014,Mr,157,1,Alone,1
526,0,3,male,0,0,7,Q,U,1014,Mr,63,8,Alone,1
527,1,2,female,0,0,10,S,U,1014,Miss,293,9,Alone,1
528,0,1,male,0,0,221,S,C,94,Mr,623,3,Alone,4
529,0,3,male,0,0,7,S,U,1014,Mr,623,7,Alone,1
530,0,2,male,2,1,11,S,U,1014,Mr,623,3,Small,1
531,1,2,female,1,1,26,S,U,1014,Miss,293,0,Small,3
532,0,3,male,0,0,7,C,U,1014,Mr,157,1,Alone,1
533,0,3,male,1,1,7,C,U,1014,Mr,157,1,Small,1
534,1,3,female,0,2,22,C,U,1014,Mrs,113,7,Small,3
535,0,3,female,0,0,8,S,U,1014,Miss,293,5,Alone,1
536,1,2,female,0,2,26,S,U,1014,Miss,293,0,Small,3
537,0,1,male,0,0,26,S,B,65,Rare,623,8,Alone,1
538,1,1,female,0,0,106,C,U,1014,Miss,113,5,Alone,3
539,0,3,male,0,0,14,S,U,1014,Mr,623,6,Alone,2
540,1,1,female,0,2,49,C,B,65,Miss,113,2,Small,1
541,1,1,female,0,2,71,S,B,65,Miss,293,7,Small,2
542,0,3,female,4,2,31,S,U,1014,Miss,293,0,Large,7
543,0,3,female,4,2,31,S,U,1014,Miss,293,0,Large,7
544,1,2,male,1,0,26,S,U,1014,Mr,623,6,Small,2
545,0,1,male,1,0,106,C,C,94,Mr,157,9,Small,3
546,0,1,male,0,0,26,S,U,1014,Mr,623,9,Alone,1
547,1,2,female,1,0,26,S,U,1014,Mrs,293,1,Small,2
548,1,2,male,0,0,13,C,U,1014,Mr,157,3,Alone,1
549,0,3,male,1,1,20,S,U,1014,Mr,623,6,Small,3
550,1,2,male,1,1,36,S,U,1014,Master,623,0,Small,4
551,1,1,male,0,2,110,C,C,94,Mr,157,1,Small,4
552,0,2,male,0,0,26,S,U,1014,Mr,623,4,Alone,2
553,0,3,male,0,0,7,Q,U,1014,Mr,63,5,Alone,1
554,1,3,male,0,0,7,C,U,1014,Mr,157,2,Alone,1
555,1,3,female,0,0,7,S,U,1014,Miss,293,2,Alone,1
556,0,1,male,0,0,26,S,U,1014,Mr,623,9,Alone,1
557,1,1,female,1,0,39,C,A,22,Rare,113,9,Small,1
558,0,1,male,0,0,227,C,U,1014,Mr,157,6,Alone,5
559,1,1,female,1,1,79,S,E,41,Mrs,293,7,Small,3
560,1,3,female,1,0,17,S,U,1014,Mrs,293,7,Small,2
561,0,3,male,0,0,7,Q,U,1014,Mr,63,6,Alone,1
562,0,3,male,0,0,7,S,U,1014,Mr,623,8,Alone,1
563,0,2,male,0,0,13,S,U,1014,Mr,623,4,Alone,1
564,0,3,male,0,0,8,S,U,1014,Mr,623,6,Alone,1
565,0,3,female,0,0,8,S,U,1014,Miss,293,2,Alone,1
566,0,3,male,2,0,24,S,U,1014,Mr,623,3,Small,3
567,0,3,male,0,0,7,S,U,1014,Mr,623,1,Alone,1
568,0,3,female,0,4,21,S,U,1014,Mrs,293,5,Medium,5
569,0,3,male,0,0,7,C,U,1014,Mr,157,1,Alone,1
570,1,3,male,0,0,7,S,U,1014,Mr,623,6,Alone,1
571,1,2,male,0,0,10,S,U,1014,Mr,623,9,Alone,1
572,1,1,female,2,0,51,S,C,94,Mrs,293,9,Small,2
573,1,1,male,0,0,26,S,E,41,Mr,623,7,Alone,1
574,1,3,female,0,0,7,Q,U,1014,Miss,60,5,Alone,1
575,0,3,male,0,0,8,S,U,1014,Mr,623,1,Alone,1
576,0,3,male,0,0,14,S,U,1014,Mr,623,1,Alone,2
577,1,2,female,0,0,13,S,U,1014,Miss,293,6,Alone,1
578,1,1,female,1,0,55,S,E,41,Mrs,293,7,Small,2
579,0,3,female,1,0,14,C,U,1014,Mrs,113,7,Small,2
580,1,3,male,0,0,7,S,U,1014,Mr,623,6,Alone,1
581,1,2,female,1,1,30,S,U,1014,Miss,293,3,Small,2
582,1,1,female,1,1,110,C,C,94,Mrs,113,7,Small,4
583,0,2,male,0,0,26,S,U,1014,Mr,623,9,Alone,2
584,0,1,male,0,0,40,C,A,22,Mr,157,7,Alone,1
585,0,3,male,0,0,8,C,U,1014,Mr,157,1,Alone,1
586,1,1,female,0,2,79,S,E,41,Miss,293,1,Small,3
587,0,2,male,0,0,15,S,U,1014,Mr,623,8,Alone,1
588,1,1,male,1,1,79,C,B,65,Mr,157,9,Small,2
589,0,3,male,0,0,8,S,U,1014,Mr,623,2,Alone,1
590,0,3,male,0,0,8,S,U,1014,Mr,623,8,Alone,1
591,0,3,male,0,0,7,S,U,1014,Mr,623,6,Alone,1
592,1,1,female,1,0,78,C,D,46,Mrs,113,9,Small,2
593,0,3,male,0,0,7,S,U,1014,Mr,623,8,Alone,1
594,0,3,female,0,2,7,Q,U,1014,Miss,60,1,Small,1
595,0,2,male,1,0,26,S,U,1014,Mr,623,7,Small,2
596,0,3,male,1,1,24,S,U,1014,Mr,623,7,Small,3
597,1,2,female,0,0,33,S,U,1014,Miss,293,3,Alone,3
598,0,3,male,0,0,0,S,U,1014,Mr,623,9,Alone,4
599,0,3,male,0,0,7,C,U,1014,Mr,157,7,Alone,1
600,1,1,male,1,0,56,C,A,22,Rare,157,9,Small,2
601,1,2,female,2,1,27,S,U,1014,Mrs,293,3,Small,2
602,0,3,male,0,0,7,S,U,1014,Mr,623,6,Alone,1
603,0,1,male,0,0,42,S,U,1014,Mr,623,4,Alone,2
604,0,3,male,0,0,8,S,U,1014,Mr,623,8,Alone,1
605,1,1,male,0,0,26,C,U,1014,Mr,157,6,Alone,1
606,0,3,male,1,0,15,S,U,1014,Mr,623,7,Small,2
607,0,3,male,0,0,7,S,U,1014,Mr,623,5,Alone,1
608,1,1,male,0,0,30,S,U,1014,Mr,623,4,Alone,1
609,1,2,female,1,2,41,C,U,1014,Mrs,113,2,Small,4
610,1,1,female,0,0,153,S,C,94,Miss,293,8,Alone,3
611,0,3,female,1,5,31,S,U,1014,Mrs,293,7,Large,7
612,0,3,male,0,0,7,S,U,1014,Mr,623,6,Alone,1
613,1,3,female,1,0,15,Q,U,1014,Miss,60,3,Small,2
614,0,3,male,0,0,7,Q,U,1014,Mr,63,7,Alone,1
615,0,3,male,0,0,8,S,U,1014,Mr,623,6,Alone,1
616,1,2,female,1,2,65,S,U,1014,Miss,293,3,Small,5
617,0,3,male,1,1,14,S,U,1014,Mr,623,6,Small,3
618,0,3,female,1,0,16,S,U,1014,Mrs,293,4,Small,2
619,1,2,female,2,1,39,S,F,21,Miss,293,0,Small,4
620,0,2,male,0,0,10,S,U,1014,Mr,623,4,Alone,1
621,0,3,male,1,0,14,C,U,1014,Mr,157,4,Small,2
622,1,1,male,1,0,52,S,D,46,Mr,623,8,Small,2
623,1,3,male,1,1,15,C,U,1014,Mr,157,2,Small,3
624,0,3,male,0,0,7,S,U,1014,Mr,623,2,Alone,1
625,0,3,male,0,0,16,S,U,1014,Mr,623,2,Alone,2
626,0,1,male,0,0,32,S,D,46,Mr,623,9,Alone,1
627,0,2,male,0,0,12,Q,U,1014,Rare,63,9,Alone,1
628,1,1,female,0,0,77,S,D,46,Miss,293,2,Alone,3
629,0,3,male,0,0,7,S,U,1014,Mr,623,4,Alone,1
630,0,3,male,0,0,7,Q,U,1014,Mr,63,4,Alone,1
631,1,1,male,0,0,30,S,A,22,Mr,623,9,Alone,1
632,0,3,male,0,0,7,S,U,1014,Mr,623,9,Alone,1
633,1,1,male,0,0,30,C,B,65,Rare,157,6,Alone,1
634,0,1,male,0,0,0,S,U,1014,Mr,623,4,Alone,1
635,0,3,female,3,2,27,S,U,1014,Miss,293,0,Medium,6
636,1,2,female,0,0,13,S,U,1014,Miss,293,4,Alone,1
637,0,3,male,0,0,7,S,U,1014,Mr,623,6,Alone,1
638,0,2,male,1,1,26,S,U,1014,Mr,623,5,Small,3
639,0,3,female,0,5,39,S,U,1014,Mrs,293,8,Medium,7
640,0,3,male,1,0,16,S,U,1014,Mr,623,1,Small,2
641,0,3,male,0,0,7,S,U,1014,Mr,623,2,Alone,1
642,1,1,female,0,0,69,C,B,65,Miss,113,3,Alone,2
643,0,3,female,3,2,27,S,U,1014,Miss,293,0,Medium,6
644,1,3,male,0,0,56,S,U,1014,Mr,623,6,Alone,8
645,1,3,female,2,1,19,C,U,1014,Miss,113,0,Small,4
646,1,1,male,1,0,76,C,D,46,Mr,157,9,Small,3
647,0,3,male,0,0,7,S,U,1014,Mr,623,1,Alone,1
648,1,1,male,0,0,35,C,A,22,Rare,157,9,Alone,1
649,0,3,male,0,0,7,S,U,1014,Mr,623,7,Alone,1
650,1,3,female,0,0,7,S,U,1014,Miss,293,3,Alone,1
651,0,3,male,0,0,7,S,U,1014,Mr,623,2,Alone,1
652,1,2,female,0,1,23,S,U,1014,Miss,293,1,Small,2
653,0,3,male,0,0,8,S,U,1014,Mr,623,2,Alone,1
654,1,3,female,0,0,7,Q,U,1014,Miss,60,0,Alone,1
655,0,3,female,0,0,6,Q,U,1014,Miss,60,1,Alone,1
656,0,2,male,2,0,73,S,U,1014,Mr,623,3,Small,7
657,0,3,male,0,0,7,S,U,1014,Mr,623,4,Alone,1
658,0,3,female,1,1,15,Q,U,1014,Mrs,60,6,Small,2
659,0,2,male,0,0,13,S,U,1014,Mr,623,3,Alone,1
660,0,1,male,0,2,113,C,D,46,Mr,157,9,Small,3
661,1,1,male,2,0,133,S,U,1014,Rare,623,9,Small,2
662,0,3,male,0,0,7,C,U,1014,Mr,157,8,Alone,1
663,0,1,male,0,0,25,S,E,41,Mr,623,8,Alone,1
664,0,3,male,0,0,7,S,U,1014,Mr,623,7,Alone,1
665,1,3,male,1,0,7,S,U,1014,Mr,623,2,Small,1
666,0,2,male,2,0,73,S,U,1014,Mr,623,6,Small,7
667,0,2,male,0,0,13,S,U,1014,Mr,623,3,Alone,1
668,0,3,male,0,0,7,S,U,1014,Mr,623,3,Alone,1
669,0,3,male,0,0,8,S,U,1014,Mr,623,8,Alone,1
670,1,1,female,1,0,52,S,C,94,Mrs,293,8,Small,2
671,1,2,female,1,1,39,S,U,1014,Mrs,293,8,Small,3
672,0,1,male,1,0,52,S,B,65,Mr,623,5,Small,2
673,0,2,male,0,0,10,S,U,1014,Mr,623,9,Alone,1
674,1,2,male,0,0,13,S,U,1014,Mr,623,5,Alone,1
675,0,2,male,0,0,0,S,U,1014,Mr,623,5,Alone,1
676,0,3,male,0,0,7,S,U,1014,Mr,623,1,Alone,1
677,0,3,male,0,0,8,S,U,1014,Mr,623,3,Alone,1
678,1,3,female,0,0,9,S,U,1014,Miss,293,1,Alone,1
679,0,3,female,1,6,46,S,U,1014,Mrs,293,8,Large,8
680,1,1,male,0,1,512,C,B,65,Mr,157,7,Small,4
681,0,3,female,0,0,8,Q,U,1014,Miss,60,2,Alone,1
682,1,1,male,0,0,76,C,D,46,Mr,157,4,Alone,3
683,0,3,male,0,0,9,S,U,1014,Mr,623,2,Alone,1
684,0,3,male,5,2,46,S,U,1014,Mr,623,0,Large,8
685,0,2,male,1,1,39,S,U,1014,Mr,623,9,Small,3
686,0,2,male,1,2,41,C,U,1014,Mr,157,3,Small,4
687,0,3,male,4,1,39,S,U,1014,Mr,623,0,Medium,7
688,0,3,male,0,0,10,S,U,1014,Mr,623,1,Alone,1
689,0,3,male,0,0,7,S,U,1014,Mr,623,1,Alone,1
690,1,1,female,0,1,211,S,B,65,Miss,293,0,Small,4
691,1,1,male,1,0,57,S,B,65,Mr,623,5,Small,2
692,1,3,female,0,1,13,C,U,1014,Miss,113,0,Small,2
693,1,3,male,0,0,56,S,U,1014,Mr,623,2,Alone,8
694,0,3,male,0,0,7,C,U,1014,Mr,157,3,Alone,1
695,0,1,male,0,0,26,S,U,1014,Rare,623,9,Alone,1
696,0,2,male,0,0,13,S,U,1014,Mr,623,9,Alone,1
697,0,3,male,0,0,8,S,U,1014,Mr,623,8,Alone,1
698,1,3,female,0,0,7,Q,U,1014,Miss,60,5,Alone,1
699,0,1,male,1,1,110,C,C,94,Mr,157,9,Small,4
700,0,3,male,0,0,7,S,F,21,Mr,623,8,Alone,1
701,1,1,female,1,0,227,C,C,94,Mrs,113,1,Small,5
702,1,1,male,0,0,26,S,E,41,Mr,623,6,Alone,1
703,0,3,female,0,1,14,C,U,1014,Miss,113,1,Small,2
704,0,3,male,0,0,7,Q,U,1014,Mr,63,3,Alone,1
705,0,3,male,1,0,7,S,U,1014,Mr,623,4,Small,1
706,0,2,male,0,0,26,S,U,1014,Mr,623,7,Alone,2
707,1,2,female,0,0,13,S,U,1014,Mrs,293,8,Alone,1
708,1,1,male,0,0,26,S,E,41,Mr,623,8,Alone,1
709,1,1,female,0,0,151,S,U,1014,Miss,293,2,Alone,6
710,1,3,male,1,1,15,C,U,1014,Master,157,3,Small,3
711,1,1,female,0,0,49,C,C,94,Miss,113,3,Alone,1
712,0,1,male,0,0,26,S,C,94,Mr,623,2,Alone,1
713,1,1,male,1,0,52,S,C,94,Mr,623,9,Small,2
714,0,3,male,0,0,9,S,U,1014,Mr,623,5,Alone,1
715,0,2,male,0,0,13,S,U,1014,Mr,623,9,Alone,2
716,0,3,male,0,0,7,S,F,21,Mr,623,1,Alone,1
717,1,1,female,0,0,227,C,C,94,Miss,113,7,Alone,5
718,1,2,female,0,0,10,S,E,41,Miss,293,4,Alone,1
719,0,3,male,0,0,15,Q,U,1014,Mr,63,7,Alone,2
720,0,3,male,0,0,7,S,U,1014,Mr,623,6,Alone,1
721,1,2,female,0,1,33,S,U,1014,Miss,293,0,Small,3
722,0,3,male,1,0,7,S,U,1014,Mr,623,1,Small,1
723,0,2,male,0,0,13,S,U,1014,Mr,623,6,Alone,1
724,0,2,male,0,0,13,S,U,1014,Mr,623,9,Alone,1
725,1,1,male,1,0,53,S,E,41,Mr,623,4,Small,2
726,0,3,male,0,0,8,S,U,1014,Mr,623,2,Alone,1
727,1,2,female,3,0,21,S,U,1014,Mrs,293,5,Small,2
728,1,3,female,0,0,7,Q,U,1014,Miss,60,0,Alone,1
729,0,2,male,1,0,26,S,U,1014,Mr,623,3,Small,2
730,0,3,female,1,0,7,S,U,1014,Miss,293,3,Small,1
731,1,1,female,0,0,211,S,B,65,Miss,293,5,Alone,4
732,0,3,male,0,0,18,C,U,1014,Mr,157,0,Alone,2
733,0,2,male,0,0,0,S,U,1014,Mr,623,8,Alone,1
734,0,2,male,0,0,13,S,U,1014,Mr,623,3,Alone,1
735,0,2,male,0,0,13,S,U,1014,Mr,623,3,Alone,1
736,0,3,male,0,0,16,S,U,1014,Mr,623,4,Alone,2
737,0,3,female,1,3,34,S,U,1014,Mrs,293,9,Medium,5
738,1,1,male,0,0,512,C,B,65,Mr,157,6,Alone,4
739,0,3,male,0,0,7,S,U,1014,Mr,623,7,Alone,1
740,0,3,male,0,0,7,S,U,1014,Mr,623,7,Alone,1
741,1,1,male,0,0,30,S,D,46,Mr,623,8,Alone,1
742,0,1,male,1,0,78,S,C,94,Mr,623,7,Small,3
743,1,1,female,2,2,262,C,B,65,Miss,113,2,Medium,7
744,0,3,male,1,0,16,S,U,1014,Mr,623,3,Small,2
745,1,3,male,0,0,7,S,U,1014,Mr,623,5,Alone,1
746,0,1,male,1,1,71,S,B,65,Rare,623,9,Small,2
747,0,3,male,1,1,20,S,U,1014,Mr,623,1,Small,3
748,1,2,female,0,0,13,S,U,1014,Miss,293,5,Alone,1
749,0,1,male,1,0,53,S,D,46,Mr,623,1,Small,2
750,0,3,male,0,0,7,Q,U,1014,Mr,63,5,Alone,1
751,1,2,female,1,1,23,S,U,1014,Miss,293,0,Small,3
752,1,3,male,0,1,12,S,E,41,Master,623,0,Small,2
753,0,3,male,0,0,9,S,U,1014,Mr,623,6,Alone,1
754,0,3,male,0,0,7,S,U,1014,Mr,623,3,Alone,1
755,1,2,female,1,2,65,S,U,1014,Mrs,293,9,Small,5
756,1,2,male,1,1,14,S,U,1014,Master,623,0,Small,2
757,0,3,male,0,0,7,S,U,1014,Mr,623,4,Alone,1
758,0,2,male,0,0,11,S,U,1014,Mr,623,1,Alone,1
759,0,3,male,0,0,8,S,U,1014,Mr,623,6,Alone,1
760,1,1,female,0,0,86,S,B,65,Rare,293,6,Alone,3
761,0,3,male,0,0,14,S,U,1014,Mr,623,7,Alone,2
762,0,3,male,0,0,7,S,U,1014,Mr,623,8,Alone,1
763,1,3,male,0,0,7,C,U,1014,Mr,157,2,Alone,1
764,1,1,female,1,2,120,S,B,65,Mrs,293,7,Small,4
765,0,3,male,0,0,7,S,U,1014,Mr,623,1,Alone,1
766,1,1,female,1,0,77,S,D,46,Mrs,293,9,Small,3
767,0,1,male,0,0,39,C,U,1014,Rare,157,1,Alone,1
768,0,3,female,0,0,7,Q,U,1014,Miss,60,5,Alone,1
769,0,3,male,1,0,24,Q,U,1014,Mr,63,5,Small,3
770,0,3,male,0,0,8,S,U,1014,Mr,623,6,Alone,1
771,0,3,male,0,0,9,S,U,1014,Mr,623,3,Alone,1
772,0,3,male,0,0,7,S,U,1014,Mr,623,9,Alone,1
773,0,2,female,0,0,10,S,E,41,Mrs,293,9,Alone,2
774,0,3,male,0,0,7,C,U,1014,Mr,157,5,Alone,1
775,1,2,female,1,3,23,S,U,1014,Mrs,293,9,Medium,2
776,0,3,male,0,0,7,S,U,1014,Mr,623,1,Alone,1
777,0,3,male,0,0,7,Q,F,21,Mr,63,8,Alone,1
778,1,3,female,0,0,12,S,U,1014,Miss,293,0,Alone,2
779,0,3,male,0,0,7,Q,U,1014,Mr,63,1,Alone,1
780,1,1,female,0,1,211,S,B,65,Mrs,293,8,Small,4
781,1,3,female,0,0,7,C,U,1014,Miss,113,0,Alone,1
782,1,1,female,1,0,57,S,B,65,Mrs,293,1,Small,2
783,0,1,male,0,0,30,S,D,46,Mr,623,5,Alone,1
784,0,3,male,1,2,23,S,U,1014,Mr,623,6,Small,4
785,0,3,male,0,0,7,S,U,1014,Mr,623,3,Alone,1
786,0,3,male,0,0,7,S,U,1014,Mr,623,3,Alone,1
787,1,3,female,0,0,7,S,U,1014,Miss,293,1,Alone,1
788,0,3,male,4,1,29,Q,U,1014,Master,63,0,Medium,6
789,1,3,male,1,2,20,S,U,1014,Master,623,0,Small,4
790,0,1,male,0,0,79,C,B,65,Mr,157,8,Alone,2
791,0,3,male,0,0,7,Q,U,1014,Mr,63,2,Alone,1
792,0,2,male,0,0,26,S,U,1014,Mr,623,1,Alone,2
793,0,3,female,8,2,69,S,U,1014,Miss,293,8,Large,11
794,0,1,male,0,0,30,C,U,1014,Mr,157,6,Alone,1
795,0,3,male,0,0,7,S,U,1014,Mr,623,3,Alone,1
796,0,2,male,0,0,13,S,U,1014,Mr,623,7,Alone,1
797,1,1,female,0,0,25,S,D,46,Rare,293,9,Alone,1
798,1,3,female,0,0,8,S,U,1014,Mrs,293,5,Alone,1
799,0,3,male,0,0,7,C,U,1014,Mr,157,5,Alone,1
800,0,3,female,1,1,24,S,U,1014,Mrs,293,5,Small,3
801,0,2,male,0,0,13,S,U,1014,Mr,623,6,Alone,2
802,1,2,female,1,1,26,S,U,1014,Mrs,293,5,Small,3
803,1,1,male,1,2,120,S,B,65,Master,623,0,Small,4
804,1,3,male,0,1,8,C,U,1014,Master,157,0,Small,2
805,1,3,male,0,0,6,S,U,1014,Mr,623,4,Alone,1
806,0,3,male,0,0,7,S,U,1014,Mr,623,5,Alone,1
807,0,1,male,0,0,0,S,A,22,Mr,623,7,Alone,1
808,0,3,female,0,0,7,S,U,1014,Miss,293,1,Alone,1
809,0,2,male,0,0,13,S,U,1014,Mr,623,7,Alone,1
810,1,1,female,1,0,53,S,E,41,Mrs,293,6,Small,2
811,0,3,male,0,0,7,S,U,1014,Mr,623,4,Alone,1
812,0,3,male,0,0,24,S,U,1014,Mr,623,7,Alone,3
813,0,2,male,0,0,10,S,U,1014,Mr,623,6,Alone,1
814,0,3,female,4,2,31,S,U,1014,Miss,293,0,Large,7
815,0,3,male,0,0,8,S,U,1014,Mr,623,5,Alone,1
816,0,1,male,0,0,0,S,B,65,Mr,623,3,Alone,2
817,0,3,female,0,0,7,S,U,1014,Miss,293,3,Alone,1
818,0,2,male,1,1,37,C,U,1014,Mr,157,5,Small,3
819,0,3,male,0,0,6,S,U,1014,Mr,623,8,Alone,1
820,0,3,male,3,2,27,S,U,1014,Master,623,0,Medium,6
821,1,1,female,1,1,93,S,B,65,Mrs,293,9,Small,4
822,1,3,male,0,0,8,S,U,1014,Mr,623,4,Alone,1
823,0,1,male,0,0,0,S,U,1014,Rare,623,7,Alone,1
824,1,3,female,0,1,12,S,E,41,Mrs,293,4,Small,2
825,0,3,male,4,1,39,S,U,1014,Master,623,0,Medium,7
826,0,3,male,0,0,6,Q,U,1014,Mr,63,2,Alone,1
827,0,3,male,0,0,56,S,U,1014,Mr,623,7,Alone,8
828,1,2,male,0,2,37,C,U,1014,Master,157,0,Small,3
829,1,3,male,0,0,7,Q,U,1014,Mr,63,1,Alone,1
830,1,1,female,0,0,80,S,B,65,Mrs,293,9,Alone,2
831,1,3,female,1,0,14,C,U,1014,Mrs,113,0,Small,2
832,1,2,male,1,1,18,S,U,1014,Master,623,0,Small,3
833,0,3,male,0,0,7,C,U,1014,Mr,157,2,Alone,1
834,0,3,male,0,0,7,S,U,1014,Mr,623,3,Alone,1
835,0,3,male,0,0,8,S,U,1014,Mr,623,1,Alone,1
836,1,1,female,1,1,83,C,E,41,Miss,113,7,Small,3
837,0,3,male,0,0,8,S,U,1014,Mr,623,2,Alone,1
838,0,3,male,0,0,8,S,U,1014,Mr,623,5,Alone,1
839,1,3,male,0,0,56,S,U,1014,Mr,623,6,Alone,8
840,1,1,male,0,0,29,C,C,94,Mr,157,5,Alone,1
841,0,3,male,0,0,7,S,U,1014,Mr,623,2,Alone,1
842,0,2,male,0,0,10,S,U,1014,Mr,623,1,Alone,2
843,1,1,female,0,0,31,C,U,1014,Miss,113,5,Alone,2
844,0,3,male,0,0,6,C,U,1014,Mr,157,6,Alone,1
845,0,3,male,0,0,8,S,U,1014,Mr,623,1,Alone,1
846,0,3,male,0,0,7,S,U,1014,Mr,623,8,Alone,1
847,0,3,male,8,2,69,S,U,1014,Mr,623,6,Large,11
848,0,3,male,0,0,7,C,U,1014,Mr,157,6,Alone,1
849,0,2,male,0,1,33,S,U,1014,Rare,623,4,Small,3
850,1,1,female,1,0,89,C,C,94,Mrs,113,4,Small,2
851,0,3,male,4,2,31,S,U,1014,Master,623,0,Large,7
852,0,3,male,0,0,7,S,U,1014,Mr,623,9,Alone,1
853,0,3,female,1,1,15,C,U,1014,Miss,113,0,Small,3
854,1,1,female,0,1,39,S,D,46,Miss,293,1,Small,2
855,0,2,female,1,0,26,S,U,1014,Mrs,293,8,Small,2
856,1,3,female,0,1,9,S,U,1014,Mrs,293,1,Small,2
857,1,1,female,1,1,164,S,U,1014,Mrs,293,8,Small,4
858,1,1,male,0,0,26,S,E,41,Mr,623,9,Alone,1
859,1,3,female,0,3,19,C,U,1014,Mrs,113,3,Small,4
860,0,3,male,0,0,7,C,U,1014,Mr,157,7,Alone,1
861,0,3,male,2,0,14,S,U,1014,Mr,623,8,Small,2
862,0,2,male,1,0,11,S,U,1014,Mr,623,2,Small,1
863,1,1,female,0,0,25,S,D,46,Mrs,293,9,Alone,1
864,0,3,female,8,2,69,S,U,1014,Miss,293,5,Large,11
865,0,2,male,0,0,13,S,U,1014,Mr,623,3,Alone,1
866,1,2,female,0,0,13,S,U,1014,Mrs,293,8,Alone,1
867,1,2,female,1,0,13,C,U,1014,Miss,113,4,Small,1
868,0,1,male,0,0,50,S,A,22,Mr,623,5,Alone,1
869,0,3,male,0,0,9,S,U,1014,Mr,623,4,Alone,1
870,1,3,male,1,1,11,S,U,1014,Master,623,0,Small,3
871,0,3,male,0,0,7,S,U,1014,Mr,623,4,Alone,1
872,1,1,female,1,1,52,S,D,46,Mrs,293,8,Small,2
873,0,1,male,0,0,5,S,B,65,Mr,623,6,Alone,1
874,0,3,male,0,0,9,S,U,1014,Mr,623,8,Alone,1
875,1,2,female,1,0,24,C,U,1014,Mrs,113,4,Small,2
876,1,3,female,0,0,7,C,U,1014,Miss,113,0,Alone,1
877,0,3,male,0,0,9,S,U,1014,Mr,623,2,Alone,2
878,0,3,male,0,0,7,S,U,1014,Mr,623,1,Alone,1
879,0,3,male,0,0,7,S,U,1014,Mr,623,1,Alone,1
880,1,1,female,0,1,83,C,C,94,Mrs,113,9,Small,3
881,1,2,female,0,1,26,S,U,1014,Mrs,293,3,Small,2
882,0,3,male,0,0,7,S,U,1014,Mr,623,6,Alone,1
883,0,3,female,0,0,10,S,U,1014,Miss,293,2,Alone,1
884,0,2,male,0,0,10,S,U,1014,Mr,623,4,Alone,1
885,0,3,male,0,0,7,S,U,1014,Mr,623,3,Alone,1
886,0,3,female,0,5,29,Q,U,1014,Mrs,60,7,Medium,6
887,0,2,male,0,0,13,S,U,1014,Rare,623,4,Alone,1
888,1,1,female,0,0,30,S,B,65,Miss,293,1,Alone,1
889,0,3,female,1,2,23,S,U,1014,Miss,293,3,Small,4
890,1,1,male,0,0,30,C,C,94,Mr,157,4,Alone,1
891,0,3,male,0,0,7,Q,U,1014,Mr,63,6,Alone,1
892,-1,3,male,0,0,7,Q,U,1014,Mr,63,6,Alone,1
893,-1,3,female,1,0,7,S,U,1014,Mrs,293,8,Small,1
894,-1,2,male,0,0,9,Q,U,1014,Mr,63,9,Alone,1
895,-1,3,male,0,0,8,S,U,1014,Mr,623,4,Alone,1
896,-1,3,female,1,1,12,S,U,1014,Mrs,293,2,Small,2
897,-1,3,male,0,0,9,S,U,1014,Mr,623,0,Alone,1
898,-1,3,female,0,0,7,Q,U,1014,Miss,60,5,Alone,1
899,-1,2,male,1,1,29,S,U,1014,Mr,623,4,Small,3
900,-1,3,female,0,0,7,C,U,1014,Mrs,113,1,Alone,1
901,-1,3,male,2,0,24,S,U,1014,Mr,623,2,Small,3
902,-1,3,male,0,0,7,S,U,1014,Mr,623,1,Alone,1
903,-1,1,male,0,0,26,S,U,1014,Mr,623,8,Alone,1
904,-1,1,female,1,0,82,S,B,65,Mrs,293,3,Small,2
905,-1,2,male,1,0,26,S,U,1014,Mr,623,9,Small,2
906,-1,1,female,1,0,61,S,E,41,Mrs,293,8,Small,2
907,-1,2,female,1,0,27,C,U,1014,Mrs,113,3,Small,2
908,-1,2,male,0,0,12,Q,U,1014,Mr,63,6,Alone,1
909,-1,3,male,0,0,7,C,U,1014,Mr,157,2,Alone,1
910,-1,3,female,1,0,7,S,U,1014,Miss,293,4,Small,1
911,-1,3,female,0,0,7,C,U,1014,Mrs,113,8,Alone,1
912,-1,1,male,1,0,59,C,U,1014,Mr,157,9,Small,2
913,-1,3,male,0,1,3,S,U,1014,Master,623,0,Small,1
914,-1,1,female,0,0,31,S,U,1014,Mrs,293,1,Alone,1
915,-1,1,male,0,1,61,C,U,1014,Mr,157,2,Small,2
916,-1,1,female,1,3,262,C,B,65,Mrs,113,9,Medium,7
917,-1,3,male,1,0,14,S,U,1014,Mr,623,9,Small,2
918,-1,1,female,0,1,61,C,B,65,Miss,113,2,Small,2
919,-1,3,male,0,0,7,C,U,1014,Mr,157,2,Alone,1
920,-1,1,male,0,0,30,S,A,22,Mr,623,8,Alone,1
921,-1,3,male,2,0,21,C,U,1014,Mr,157,7,Small,3
922,-1,2,male,1,0,26,S,U,1014,Mr,623,9,Small,2
923,-1,2,male,2,0,31,S,U,1014,Mr,623,3,Small,3
924,-1,3,female,1,2,20,S,U,1014,Mrs,293,6,Small,4
925,-1,3,female,1,2,23,S,U,1014,Mrs,293,1,Small,4
926,-1,1,male,1,0,57,C,C,94,Mr,157,5,Small,2
927,-1,3,male,0,0,7,C,U,1014,Mr,157,1,Alone,1
928,-1,3,female,0,0,8,S,U,1014,Miss,293,1,Alone,1
929,-1,3,female,0,0,8,S,U,1014,Miss,293,2,Alone,1
930,-1,3,male,0,0,9,S,U,1014,Mr,623,4,Alone,1
931,-1,3,male,0,0,56,S,U,1014,Mr,623,1,Alone,8
932,-1,3,male,0,1,13,C,U,1014,Mr,157,7,Small,2
933,-1,1,male,0,0,26,S,D,46,Mr,623,3,Alone,1
934,-1,3,male,0,0,7,S,U,1014,Mr,623,8,Alone,1
935,-1,2,female,0,0,13,S,U,1014,Mrs,293,5,Alone,1
936,-1,1,female,1,0,52,S,D,46,Mrs,293,8,Small,2
937,-1,3,male,0,0,7,S,U,1014,Mr,623,4,Alone,1
938,-1,1,male,0,0,29,C,A,22,Mr,157,8,Alone,1
939,-1,3,male,0,0,7,Q,U,1014,Mr,63,7,Alone,1
940,-1,1,female,0,0,76,C,D,46,Mrs,113,9,Alone,2
941,-1,3,female,0,2,15,S,U,1014,Mrs,293,7,Small,3
942,-1,1,male,1,0,60,S,C,94,Mr,623,3,Small,2
943,-1,2,male,0,0,15,C,U,1014,Mr,157,4,Alone,1
944,-1,2,female,2,1,23,S,U,1014,Miss,293,2,Small,2
945,-1,1,female,3,2,263,S,C,94,Miss,293,4,Medium,6
946,-1,2,male,0,0,15,C,U,1014,Mr,157,2,Alone,1
947,-1,3,male,4,1,29,Q,U,1014,Master,63,0,Medium,6
948,-1,3,male,0,0,7,S,U,1014,Mr,623,6,Alone,1
949,-1,3,male,0,0,7,S,F,21,Mr,623,4,Alone,1
950,-1,3,male,1,0,16,S,U,1014,Mr,623,8,Small,2
951,-1,1,female,0,0,262,C,B,65,Miss,113,7,Alone,7
952,-1,3,male,0,0,7,S,U,1014,Mr,623,1,Alone,1
953,-1,2,male,0,0,13,S,U,1014,Mr,623,6,Alone,1
954,-1,3,male,0,0,7,S,U,1014,Mr,623,1,Alone,1
955,-1,3,female,0,0,7,Q,U,1014,Miss,60,2,Alone,1
956,-1,1,male,2,2,262,C,B,65,Master,157,0,Medium,7
957,-1,2,female,0,0,21,S,U,1014,Mrs,293,5,Alone,2
958,-1,3,female,0,0,7,Q,U,1014,Miss,60,1,Alone,1
959,-1,1,male,0,0,42,S,U,1014,Mr,623,8,Alone,2
960,-1,1,male,0,0,28,C,C,94,Mr,157,5,Alone,1
961,-1,1,female,1,4,263,S,C,94,Mrs,293,9,Medium,6
962,-1,3,female,0,0,7,Q,U,1014,Miss,60,3,Alone,1
963,-1,3,male,0,0,7,S,U,1014,Mr,623,2,Alone,1
964,-1,3,female,0,0,7,S,U,1014,Miss,293,5,Alone,1
965,-1,1,male,0,0,27,C,D,46,Mr,157,4,Alone,1
966,-1,1,female,0,0,211,C,C,94,Miss,113,6,Alone,5
967,-1,1,male,0,0,211,C,C,94,Mr,157,6,Alone,5
968,-1,3,male,0,0,8,S,U,1014,Mr,623,6,Alone,1
969,-1,1,female,2,0,25,S,C,94,Mrs,293,9,Small,1
970,-1,2,male,0,0,13,S,U,1014,Mr,623,5,Alone,1
971,-1,3,female,0,0,7,Q,U,1014,Miss,60,3,Alone,1
972,-1,3,male,1,1,15,C,U,1014,Master,157,0,Small,3
973,-1,1,male,1,0,221,S,C,94,Mr,623,9,Small,4
974,-1,1,male,0,0,26,S,U,1014,Mr,623,9,Alone,1
975,-1,3,male,0,0,7,S,U,1014,Mr,623,6,Alone,1
976,-1,2,male,0,0,10,Q,U,1014,Mr,63,2,Alone,1
977,-1,3,male,1,0,14,C,U,1014,Mr,157,4,Small,2
978,-1,3,female,0,0,7,Q,U,1014,Miss,60,4,Alone,1
979,-1,3,female,0,0,8,S,U,1014,Miss,293,1,Alone,1
980,-1,3,female,0,0,7,Q,U,1014,Miss,60,1,Alone,1
981,-1,2,male,1,1,23,S,U,1014,Master,623,0,Small,3
982,-1,3,female,1,0,13,S,U,1014,Mrs,293,2,Small,2
983,-1,3,male,0,0,7,S,U,1014,Mr,623,7,Alone,1
984,-1,1,female,1,2,52,S,B,65,Mrs,293,4,Small,2
985,-1,3,male,0,0,8,S,U,1014,Mr,623,6,Alone,1
986,-1,1,male,0,0,26,C,U,1014,Mr,157,4,Alone,1
987,-1,3,male,0,0,7,S,U,1014,Mr,623,4,Alone,1
988,-1,1,female,1,0,78,S,C,94,Mrs,293,9,Small,3
989,-1,3,male,0,0,7,S,U,1014,Mr,623,5,Alone,1
990,-1,3,female,0,0,7,S,U,1014,Miss,293,2,Alone,1
991,-1,3,male,0,0,8,S,U,1014,Mr,623,6,Alone,1
992,-1,1,female,1,0,55,C,C,94,Mrs,113,8,Small,2
993,-1,2,male,1,0,26,S,U,1014,Mr,623,4,Small,2
994,-1,3,male,0,0,7,Q,U,1014,Mr,63,6,Alone,1
995,-1,3,male,0,0,7,S,U,1014,Mr,623,4,Alone,1
996,-1,3,female,1,1,8,C,U,1014,Mrs,113,1,Small,2
997,-1,3,male,0,0,22,S,U,1014,Mr,623,4,Alone,3
998,-1,3,male,0,0,7,Q,U,1014,Mr,63,2,Alone,1
999,-1,3,male,0,0,7,Q,U,1014,Mr,63,4,Alone,1
1000,-1,3,male,0,0,8,S,U,1014,Mr,623,6,Alone,1
1001,-1,2,male,0,0,13,S,F,21,Mr,623,1,Alone,1
1002,-1,2,male,0,0,15,C,U,1014,Mr,157,8,Alone,1
1003,-1,3,female,0,0,7,Q,U,1014,Miss,60,6,Alone,1
1004,-1,1,female,0,0,31,C,A,22,Miss,113,7,Alone,1
1005,-1,3,female,0,0,7,Q,U,1014,Miss,60,1,Alone,1
1006,-1,1,female,1,0,221,S,C,94,Mrs,293,9,Small,4
1007,-1,3,male,1,0,14,C,U,1014,Mr,157,1,Small,2
1008,-1,3,male,0,0,6,C,U,1014,Mr,157,6,Alone,1
1009,-1,3,female,1,1,16,S,G,5,Miss,293,0,Small,3
1010,-1,1,male,0,0,75,C,C,94,Mr,157,7,Alone,2
1011,-1,2,female,1,0,26,S,U,1014,Mrs,293,5,Small,2
1012,-1,2,female,0,0,15,S,U,1014,Miss,293,0,Alone,2
1013,-1,3,male,1,0,7,Q,U,1014,Mr,63,2,Small,1
1014,-1,1,female,1,0,57,C,C,94,Mrs,113,6,Small,2
1015,-1,3,male,0,0,7,S,U,1014,Mr,623,4,Alone,1
1016,-1,3,male,0,0,7,Q,U,1014,Mr,63,8,Alone,1
1017,-1,3,female,0,1,16,S,U,1014,Miss,293,1,Small,2
1018,-1,3,male,0,0,7,S,U,1014,Mr,623,2,Alone,1
1019,-1,3,female,2,0,23,Q,U,1014,Miss,60,6,Small,3
1020,-1,2,male,0,0,13,S,U,1014,Mr,623,8,Alone,1
1021,-1,3,male,0,0,8,S,U,1014,Mr,623,3,Alone,1
1022,-1,3,male,0,0,8,S,U,1014,Mr,623,6,Alone,1
1023,-1,1,male,0,0,28,C,C,94,Rare,157,9,Alone,1
1024,-1,3,female,0,4,25,S,U,1014,Mrs,293,2,Medium,5
1025,-1,3,male,1,0,6,C,U,1014,Mr,157,8,Small,1
1026,-1,3,male,0,0,7,S,U,1014,Mr,623,8,Alone,1
1027,-1,3,male,0,0,7,S,U,1014,Mr,623,3,Alone,1
1028,-1,3,male,0,0,7,C,U,1014,Mr,157,4,Alone,1
1029,-1,2,male,0,0,13,S,U,1014,Mr,623,4,Alone,1
1030,-1,3,female,0,0,8,S,U,1014,Miss,293,3,Alone,1
1031,-1,3,male,1,6,46,S,U,1014,Mr,623,8,Large,8
1032,-1,3,female,5,2,46,S,U,1014,Miss,293,0,Large,8
1033,-1,1,female,0,0,151,S,U,1014,Miss,293,6,Alone,6
1034,-1,1,male,1,3,262,C,B,65,Mr,157,9,Medium,7
1035,-1,2,male,0,0,26,S,U,1014,Mr,623,4,Alone,2
1036,-1,1,male,0,0,26,S,U,1014,Mr,623,8,Alone,1
1037,-1,3,male,3,0,18,S,U,1014,Mr,623,5,Small,2
1038,-1,1,male,0,0,51,S,E,41,Mr,623,4,Alone,2
1039,-1,3,male,0,0,8,S,U,1014,Mr,623,2,Alone,1
1040,-1,1,male,0,0,26,S,U,1014,Mr,623,1,Alone,1
1041,-1,2,male,1,1,26,S,U,1014,Rare,623,5,Small,2
1042,-1,1,female,0,1,83,C,C,94,Mrs,113,3,Small,3
1043,-1,3,male,0,0,7,C,U,1014,Mr,157,7,Alone,1
1044,-1,3,male,0,0,14,S,U,1014,Mr,623,9,Alone,1
1045,-1,3,female,0,2,12,S,U,1014,Mrs,293,7,Small,2
1046,-1,3,male,4,2,31,S,U,1014,Master,623,0,Large,7
1047,-1,3,male,0,0,7,S,U,1014,Mr,623,3,Alone,1
1048,-1,1,female,0,0,221,S,C,94,Miss,293,5,Alone,4
1049,-1,3,female,0,0,7,S,U,1014,Miss,293,3,Alone,1
1050,-1,1,male,0,0,26,S,D,46,Mr,623,8,Alone,1
1051,-1,3,female,0,2,13,S,U,1014,Mrs,293,4,Small,3
1052,-1,3,female,0,0,7,Q,U,1014,Miss,60,1,Alone,1
1053,-1,3,male,1,1,15,C,U,1014,Master,157,0,Small,3
1054,-1,2,female,0,0,13,S,U,1014,Miss,293,4,Alone,1
1055,-1,3,male,0,0,7,S,U,1014,Mr,623,4,Alone,1
1056,-1,2,male,0,0,13,S,U,1014,Rare,623,8,Alone,1
1057,-1,3,female,1,1,22,S,U,1014,Mrs,293,4,Small,3
1058,-1,1,male,0,0,50,C,B,65,Mr,157,9,Alone,1
1059,-1,3,male,2,2,34,S,U,1014,Mr,623,1,Medium,5
1060,-1,1,female,0,0,27,C,U,1014,Mrs,113,5,Alone,1
1061,-1,3,female,0,0,8,S,U,1014,Miss,293,2,Alone,1
1062,-1,3,male,0,0,7,S,U,1014,Mr,623,2,Alone,1
1063,-1,3,male,0,0,7,C,U,1014,Mr,157,4,Alone,1
1064,-1,3,male,1,0,13,S,U,1014,Mr,623,3,Small,2
1065,-1,3,male,0,0,7,C,U,1014,Mr,157,5,Alone,1
1066,-1,3,male,1,5,31,S,U,1014,Mr,623,8,Large,7
1067,-1,2,female,0,2,39,S,U,1014,Miss,293,0,Small,3
1068,-1,2,female,0,0,36,S,U,1014,Miss,293,2,Alone,4
1069,-1,1,male,1,0,55,C,C,94,Mr,157,9,Small,2
1070,-1,2,female,0,3,39,S,F,21,Mrs,293,7,Small,4
1071,-1,1,female,0,2,83,C,E,41,Mrs,113,9,Small,3
1072,-1,2,male,0,0,13,S,U,1014,Mr,623,5,Alone,1
1073,-1,1,male,1,1,83,C,E,41,Mr,157,7,Small,3
1074,-1,1,female,1,0,53,S,D,46,Mrs,293,1,Small,2
1075,-1,3,male,0,0,7,Q,U,1014,Mr,63,8,Alone,1
1076,-1,1,female,1,1,247,C,B,65,Mrs,113,4,Small,3
1077,-1,2,male,0,0,16,S,U,1014,Mr,623,8,Alone,1
1078,-1,2,female,0,1,21,S,U,1014,Miss,293,2,Small,2
1079,-1,3,male,2,0,8,S,U,1014,Mr,623,1,Small,1
1080,-1,3,female,8,2,69,S,U,1014,Miss,293,4,Large,11
1081,-1,2,male,0,0,13,S,U,1014,Mr,623,8,Alone,1
1082,-1,2,male,1,0,26,S,U,1014,Mr,623,6,Small,2
1083,-1,1,male,0,0,26,S,U,1014,Mr,623,1,Alone,1
1084,-1,3,male,1,1,14,S,U,1014,Master,623,0,Small,3
1085,-1,2,male,0,0,12,Q,U,1014,Mr,63,9,Alone,1
1086,-1,2,male,0,2,32,S,U,1014,Master,623,0,Small,3
1087,-1,3,male,0,0,7,S,U,1014,Mr,623,6,Alone,1
1088,-1,1,male,0,2,134,C,E,41,Master,157,0,Small,5
1089,-1,3,female,0,0,7,S,U,1014,Miss,293,1,Alone,1
1090,-1,2,male,0,0,10,S,U,1014,Mr,623,3,Alone,1
1091,-1,3,female,0,0,8,S,U,1014,Mrs,293,5,Alone,1
1092,-1,3,female,0,0,15,Q,U,1014,Miss,60,7,Alone,2
1093,-1,3,male,0,2,14,S,U,1014,Master,623,0,Small,3
1094,-1,1,male,1,0,227,C,C,94,Rare,157,8,Small,5
1095,-1,2,female,1,1,26,S,U,1014,Miss,293,0,Small,3
1096,-1,2,male,0,0,10,S,U,1014,Mr,623,4,Alone,1
1097,-1,1,male,0,0,25,C,U,1014,Mr,157,5,Alone,1
1098,-1,3,female,0,0,7,Q,U,1014,Miss,60,6,Alone,1
1099,-1,2,male,0,0,10,S,U,1014,Mr,623,3,Alone,1
1100,-1,1,female,0,0,27,C,A,22,Miss,113,6,Alone,1
1101,-1,3,male,0,0,7,S,U,1014,Mr,623,4,Alone,1
1102,-1,3,male,0,0,22,S,U,1014,Mr,623,6,Alone,3
1103,-1,3,male,0,0,7,S,U,1014,Mr,623,5,Alone,1
1104,-1,2,male,0,0,73,S,U,1014,Mr,623,1,Alone,7
1105,-1,2,female,1,0,26,S,U,1014,Mrs,293,9,Small,2
1106,-1,3,female,4,2,7,S,U,1014,Miss,293,7,Large,1
1107,-1,1,male,0,0,42,S,B,65,Mr,623,8,Alone,1
1108,-1,3,female,0,0,7,Q,U,1014,Miss,60,2,Alone,1
1109,-1,1,male,1,1,164,S,U,1014,Mr,623,9,Small,4
1110,-1,1,female,1,1,211,C,C,94,Mrs,113,9,Small,5
1111,-1,3,male,0,0,8,S,U,1014,Mr,623,1,Alone,1
1112,-1,2,female,1,0,13,C,U,1014,Miss,113,5,Small,1
1113,-1,3,male,0,0,8,S,U,1014,Mr,623,2,Alone,1
1114,-1,2,female,0,0,10,S,F,21,Mrs,293,2,Alone,1
1115,-1,3,male,0,0,7,S,U,1014,Mr,623,2,Alone,1
1116,-1,1,female,0,0,27,C,U,1014,Mrs,113,9,Alone,1
1117,-1,3,female,0,2,15,C,U,1014,Mrs,113,3,Small,3
1118,-1,3,male,0,0,7,S,U,1014,Mr,623,3,Alone,1
1119,-1,3,female,0,0,7,Q,U,1014,Miss,60,5,Alone,1
1120,-1,3,male,0,0,15,S,U,1014,Mr,623,8,Alone,2
1121,-1,2,male,0,0,13,S,U,1014,Mr,623,7,Alone,1
1122,-1,2,male,0,0,65,S,U,1014,Mr,623,0,Alone,5
1123,-1,1,female,0,0,26,S,U,1014,Miss,293,2,Alone,1
1124,-1,3,male,1,0,6,S,U,1014,Mr,623,2,Small,1
1125,-1,3,male,0,0,7,Q,U,1014,Mr,63,1,Alone,1
1126,-1,1,male,1,0,71,C,C,94,Mr,157,7,Small,2
1127,-1,3,male,0,0,7,S,U,1014,Mr,623,2,Alone,1
1128,-1,1,male,1,0,75,C,D,46,Mr,157,9,Small,2
1129,-1,3,male,0,0,7,C,U,1014,Mr,157,2,Alone,1
1130,-1,2,female,1,1,13,S,U,1014,Miss,293,1,Small,1
1131,-1,1,female,1,0,106,C,C,94,Mrs,113,9,Small,3
1132,-1,1,female,0,0,27,C,U,1014,Mrs,113,9,Alone,1
1133,-1,2,female,0,2,30,S,U,1014,Mrs,293,8,Small,2
1134,-1,1,male,1,1,134,C,E,41,Mr,157,8,Small,5
1135,-1,3,male,0,0,7,S,U,1014,Mr,623,5,Alone,1
1136,-1,3,male,1,2,23,S,U,1014,Master,623,6,Small,4
1137,-1,1,male,1,0,51,S,D,46,Mr,623,8,Small,2
1138,-1,2,female,0,0,21,S,U,1014,Mrs,293,2,Alone,2
1139,-1,2,male,1,1,32,S,U,1014,Mr,623,8,Small,3
1140,-1,2,female,1,0,26,S,U,1014,Mrs,293,5,Small,2
1141,-1,3,female,1,0,14,C,U,1014,Mrs,113,7,Small,2
1142,-1,2,female,1,2,27,S,U,1014,Miss,293,0,Small,4
1143,-1,3,male,0,0,7,S,U,1014,Mr,623,2,Alone,1
1144,-1,1,male,1,0,136,C,C,94,Mr,157,4,Small,2
1145,-1,3,male,0,0,9,S,U,1014,Mr,623,3,Alone,1
1146,-1,3,male,0,0,9,S,U,1014,Mr,623,6,Alone,1
1147,-1,3,male,0,0,7,S,U,1014,Mr,623,8,Alone,1
1148,-1,3,male,0,0,7,Q,U,1014,Mr,63,5,Alone,1
1149,-1,3,male,0,0,8,S,U,1014,Mr,623,5,Alone,1
1150,-1,2,female,0,0,13,S,U,1014,Miss,293,1,Alone,1
1151,-1,3,male,0,0,7,S,U,1014,Mr,623,2,Alone,1
1152,-1,3,male,1,0,17,S,U,1014,Mr,623,7,Small,2
1153,-1,3,male,0,0,7,S,U,1014,Mr,623,2,Alone,1
1154,-1,2,female,0,2,23,S,U,1014,Mrs,293,5,Small,3
1155,-1,3,female,1,1,12,S,U,1014,Miss,293,0,Small,2
1156,-1,2,male,0,0,12,C,U,1014,Mr,157,5,Alone,1
1157,-1,3,male,0,0,7,S,U,1014,Mr,623,6,Alone,1
1158,-1,1,male,0,0,0,S,U,1014,Mr,623,4,Alone,1
1159,-1,3,male,0,0,7,S,U,1014,Mr,623,5,Alone,1
1160,-1,3,female,0,0,8,S,U,1014,Miss,293,7,Alone,1
1161,-1,3,male,0,0,8,S,U,1014,Mr,623,1,Alone,1
1162,-1,1,male,0,0,75,C,C,94,Mr,157,8,Alone,2
1163,-1,3,male,0,0,7,Q,U,1014,Mr,63,7,Alone,1
1164,-1,1,female,1,0,136,C,C,94,Mrs,113,4,Small,2
1165,-1,3,female,1,0,15,Q,U,1014,Miss,60,7,Small,2
1166,-1,3,male,0,0,7,C,U,1014,Mr,157,5,Alone,1
1167,-1,2,female,1,0,26,S,U,1014,Miss,293,2,Small,2
1168,-1,2,male,0,0,10,S,U,1014,Mr,623,5,Alone,1
1169,-1,2,male,1,0,26,S,U,1014,Mr,623,8,Small,2
1170,-1,2,male,1,0,21,S,U,1014,Mr,623,5,Small,2
1171,-1,2,male,0,0,10,S,U,1014,Mr,623,3,Alone,1
1172,-1,3,female,0,0,8,S,U,1014,Miss,293,3,Alone,1
1173,-1,3,male,1,1,13,S,U,1014,Master,623,0,Small,3
1174,-1,3,female,0,0,7,Q,U,1014,Miss,60,8,Alone,1
1175,-1,3,female,1,1,15,C,U,1014,Miss,113,0,Small,3
1176,-1,3,female,1,1,20,S,U,1014,Miss,293,0,Small,3
1177,-1,3,male,0,0,7,S,U,1014,Mr,623,7,Alone,1
1178,-1,3,male,0,0,7,S,U,1014,Mr,623,3,Alone,1
1179,-1,1,male,1,0,82,S,B,65,Mr,623,3,Small,2
1180,-1,3,male,0,0,7,C,F,21,Mr,157,7,Alone,1
1181,-1,3,male,0,0,8,S,U,1014,Mr,623,5,Alone,1
1182,-1,1,male,0,0,39,S,U,1014,Mr,623,5,Alone,1
1183,-1,3,female,0,0,6,Q,U,1014,Miss,60,5,Alone,1
1184,-1,3,male,0,0,7,C,U,1014,Mr,157,5,Alone,1
1185,-1,1,male,1,1,81,S,A,22,Rare,623,9,Small,3
1186,-1,3,male,0,0,9,S,U,1014,Mr,623,7,Alone,1
1187,-1,3,male,0,0,7,S,U,1014,Mr,623,4,Alone,1
1188,-1,2,female,1,2,41,C,U,1014,Miss,113,0,Small,4
1189,-1,3,male,2,0,21,C,U,1014,Mr,157,2,Small,3
1190,-1,1,male,0,0,45,S,U,1014,Mr,623,5,Alone,1
1191,-1,3,male,0,0,7,S,U,1014,Mr,623,5,Alone,1
1192,-1,3,male,0,0,7,S,U,1014,Mr,623,6,Alone,1
1193,-1,2,male,0,0,15,C,D,46,Mr,157,5,Alone,1
1194,-1,2,male,0,1,21,S,U,1014,Mr,623,8,Small,2
1195,-1,3,male,0,0,8,S,U,1014,Mr,623,3,Alone,1
1196,-1,3,female,0,0,7,Q,U,1014,Miss,60,6,Alone,1
1197,-1,1,female,1,1,26,S,B,65,Mrs,293,9,Small,1
1198,-1,1,male,1,2,151,S,C,94,Mr,623,5,Small,6
1199,-1,3,male,0,1,9,S,U,1014,Master,623,0,Small,2
1200,-1,1,male,1,1,93,S,B,65,Mr,623,9,Small,4
1201,-1,3,female,1,0,14,S,U,1014,Mrs,293,8,Small,2
1202,-1,3,male,0,0,8,S,U,1014,Mr,623,1,Alone,1
1203,-1,3,male,0,0,7,C,U,1014,Mr,157,3,Alone,1
1204,-1,3,male,0,0,7,S,U,1014,Mr,623,8,Alone,1
1205,-1,3,female,0,0,7,Q,U,1014,Miss,60,7,Alone,1
1206,-1,1,female,0,0,135,C,C,94,Mrs,113,9,Alone,4
1207,-1,3,female,0,0,7,Q,U,1014,Miss,60,1,Alone,1
1208,-1,1,male,1,0,146,C,B,65,Mr,157,9,Small,3
1209,-1,2,male,0,0,10,S,U,1014,Mr,623,1,Alone,1
1210,-1,3,male,0,0,7,S,U,1014,Mr,623,4,Alone,1
1211,-1,2,male,2,0,31,S,U,1014,Mr,623,3,Small,3
1212,-1,3,male,0,0,7,S,U,1014,Mr,623,4,Alone,1
1213,-1,3,male,0,0,7,C,F,21,Mr,157,4,Alone,1
1214,-1,2,male,0,0,13,S,F,21,Mr,623,4,Alone,1
1215,-1,1,male,0,0,26,S,U,1014,Mr,623,6,Alone,1
1216,-1,1,female,0,0,211,S,U,1014,Miss,293,7,Alone,4
1217,-1,3,male,0,0,7,S,U,1014,Mr,623,3,Alone,1
1218,-1,2,female,2,1,39,S,F,21,Miss,293,0,Small,4
1219,-1,1,male,0,0,79,C,U,1014,Mr,157,8,Alone,2
1220,-1,2,male,1,0,26,S,U,1014,Mr,623,5,Small,2
1221,-1,2,male,0,0,13,S,U,1014,Mr,623,2,Alone,1
1222,-1,2,female,0,2,36,S,U,1014,Mrs,293,9,Small,4
1223,-1,1,male,0,0,29,C,A,22,Mr,157,7,Alone,1
1224,-1,3,male,0,0,7,C,U,1014,Mr,157,4,Alone,1
1225,-1,3,female,1,1,15,C,U,1014,Mrs,113,2,Small,3
1226,-1,3,male,0,0,7,S,U,1014,Mr,623,4,Alone,1
1227,-1,1,male,0,0,26,S,C,94,Mr,623,5,Alone,1
1228,-1,2,male,0,0,13,S,U,1014,Mr,623,6,Alone,1
1229,-1,3,male,0,2,7,C,U,1014,Mr,157,7,Small,1
1230,-1,2,male,0,0,31,S,U,1014,Mr,623,4,Alone,3
1231,-1,3,male,0,0,7,C,U,1014,Master,157,6,Alone,1
1232,-1,2,male,0,0,10,S,U,1014,Mr,623,1,Alone,1
1233,-1,3,male,0,0,7,S,U,1014,Mr,623,6,Alone,1
1234,-1,3,male,1,9,69,S,U,1014,Mr,623,7,Large,11
1235,-1,1,female,0,1,512,C,B,65,Mrs,113,9,Small,4
1236,-1,3,male,1,1,14,S,U,1014,Master,623,2,Small,3
1237,-1,3,female,0,0,7,S,U,1014,Miss,293,1,Alone,1
1238,-1,2,male,0,0,13,S,U,1014,Mr,623,4,Alone,1
1239,-1,3,female,0,0,7,C,U,1014,Mrs,113,7,Alone,1
1240,-1,2,male,0,0,13,S,U,1014,Mr,623,3,Alone,1
1241,-1,2,female,0,0,21,S,U,1014,Miss,293,5,Alone,2
1242,-1,1,female,0,1,63,C,D,46,Mrs,113,8,Small,2
1243,-1,2,male,0,0,10,S,U,1014,Mr,623,4,Alone,1
1244,-1,2,male,0,0,73,S,U,1014,Mr,623,1,Alone,7
1245,-1,2,male,1,2,65,S,U,1014,Mr,623,9,Small,5
1246,-1,3,female,1,2,20,S,U,1014,Miss,293,0,Small,4
1247,-1,1,male,0,0,26,S,E,41,Mr,623,9,Alone,1
1248,-1,1,female,2,0,51,S,C,94,Mrs,293,9,Small,2
1249,-1,3,male,0,0,7,S,U,1014,Mr,623,8,Alone,1
1250,-1,3,male,0,0,7,Q,U,1014,Mr,63,2,Alone,1
1251,-1,3,female,1,0,15,S,U,1014,Mrs,293,5,Small,2
1252,-1,3,male,8,2,69,S,U,1014,Master,623,0,Large,11
1253,-1,2,female,1,1,37,C,U,1014,Mrs,113,3,Small,3
1254,-1,2,female,0,0,21,S,U,1014,Mrs,293,5,Alone,2
1255,-1,3,male,0,0,8,S,U,1014,Mr,623,4,Alone,1
1256,-1,1,female,1,0,55,C,E,41,Mrs,113,4,Small,2
1257,-1,3,female,1,9,69,S,U,1014,Mrs,293,8,Large,11
1258,-1,3,male,1,0,14,C,U,1014,Mr,157,5,Small,2
1259,-1,3,female,0,0,39,S,U,1014,Miss,293,3,Alone,7
1260,-1,1,female,0,1,59,C,U,1014,Mrs,113,8,Small,2
1261,-1,2,male,0,0,13,C,U,1014,Mr,157,5,Alone,1
1262,-1,2,male,1,0,11,S,U,1014,Mr,623,2,Small,1
1263,-1,1,female,0,0,134,C,E,41,Miss,113,6,Alone,5
1264,-1,1,male,0,0,0,S,B,65,Mr,623,9,Alone,2
1265,-1,2,male,0,0,13,S,U,1014,Mr,623,8,Alone,1
1266,-1,1,female,1,1,81,S,A,22,Mrs,293,9,Small,3
1267,-1,1,female,0,0,262,C,U,1014,Miss,113,8,Alone,7
1268,-1,3,female,2,0,8,S,U,1014,Miss,293,3,Small,1
1269,-1,2,male,0,0,11,S,U,1014,Mr,623,2,Alone,1
1270,-1,1,male,0,0,50,S,C,94,Mr,623,9,Alone,1
1271,-1,3,male,4,2,31,S,U,1014,Master,623,0,Large,7
1272,-1,3,male,0,0,7,Q,U,1014,Mr,63,4,Alone,1
1273,-1,3,male,0,0,7,Q,U,1014,Mr,63,4,Alone,1
1274,-1,3,female,0,0,14,S,U,1014,Mrs,293,1,Alone,2
1275,-1,3,female,1,0,16,S,U,1014,Mrs,293,2,Small,2
1276,-1,2,male,0,0,12,S,U,1014,Mr,623,7,Alone,1
1277,-1,2,female,1,2,65,S,U,1014,Miss,293,3,Small,5
1278,-1,3,male,0,0,7,S,U,1014,Mr,623,3,Alone,1
1279,-1,2,male,0,0,13,S,U,1014,Mr,623,9,Alone,1
1280,-1,3,male,0,0,7,Q,U,1014,Mr,63,2,Alone,1
1281,-1,3,male,3,1,21,S,U,1014,Master,623,0,Medium,5
1282,-1,1,male,0,0,93,S,B,65,Mr,623,3,Alone,4
1283,-1,1,female,0,1,39,S,D,46,Mrs,293,9,Small,2
1284,-1,3,male,0,2,20,S,U,1014,Master,623,0,Small,3
1285,-1,2,male,0,0,10,S,U,1014,Mr,623,8,Alone,1
1286,-1,3,male,3,1,22,S,U,1014,Mr,623,5,Medium,3
1287,-1,1,female,1,0,60,S,C,94,Mrs,293,1,Small,2
1288,-1,3,male,0,0,7,Q,U,1014,Mr,63,3,Alone,1
1289,-1,1,female,1,1,79,C,B,65,Mrs,113,9,Small,2
1290,-1,3,male,0,0,7,S,U,1014,Mr,623,3,Alone,1
1291,-1,3,male,0,0,7,Q,U,1014,Mr,63,6,Alone,1
1292,-1,1,female,0,0,164,S,C,94,Miss,293,5,Alone,4
1293,-1,2,male,1,0,21,S,U,1014,Mr,623,7,Small,2
1294,-1,1,female,0,1,59,C,U,1014,Miss,113,3,Small,2
1295,-1,1,male,0,0,47,S,U,1014,Mr,623,1,Alone,2
1296,-1,1,male,1,0,27,C,D,46,Mr,157,8,Small,1
1297,-1,2,male,0,0,13,C,D,46,Mr,157,2,Alone,1
1298,-1,2,male,1,0,10,S,U,1014,Mr,623,3,Small,1
1299,-1,1,male,1,1,211,C,C,94,Mr,157,9,Small,5
1300,-1,3,female,0,0,7,Q,U,1014,Miss,60,4,Alone,1
1301,-1,3,female,1,1,13,S,U,1014,Miss,293,0,Small,3
1302,-1,3,female,0,0,7,Q,U,1014,Miss,60,8,Alone,1
1303,-1,1,female,1,0,90,Q,C,94,Mrs,60,7,Small,3
1304,-1,3,female,0,0,7,S,U,1014,Miss,293,5,Alone,1
1305,-1,3,male,0,0,8,S,U,1014,Mr,623,6,Alone,1
1306,-1,1,female,0,0,108,C,C,94,Rare,113,7,Alone,3
1307,-1,3,male,0,0,7,S,U,1014,Mr,623,7,Alone,1
1308,-1,3,male,0,0,8,S,U,1014,Mr,623,4,Alone,1
1309,-1,3,male,1,1,22,C,U,1014,Master,157,2,Small,3
