,Survived,Pclass,Name,Sex,Age,SibSp,Parch,Fare,Embarked,Deck,Title
0,0,3,"Braund, Mr. Owen Harris",0,22,1,0,7,0,8,Mr
1,1,1,"Cumings, Mrs. John Bradley (Florence Briggs Thayer)",1,38,1,0,71,1,3,Mrs
2,1,3,"Heikkinen, Miss. Laina",1,26,0,0,7,0,8,Miss
3,1,1,"Futrelle, Mrs. Jacques Heath (Lily May Peel)",1,35,1,0,53,0,3,Mrs
4,0,3,"Allen, Mr. William Henry",0,35,0,0,8,0,8,Mr
5,0,3,"Moran, Mr. James",0,19,0,0,8,2,8,Mr
6,0,1,"McCarthy, Mr. Timothy J",0,54,0,0,51,0,5,Mr
7,0,3,"Palsson, Master. Gosta Leonard",0,2,3,1,21,0,8,Master
8,1,3,"Johnson, Mrs. Oscar W (Elisabeth Vilhelmina Berg)",1,27,0,2,11,0,8,Mrs
9,1,2,"Nasser, Mrs. Nicholas (Adele Achem)",1,14,1,0,30,1,8,Mrs
10,1,3,"Sandstrom, Miss. Marguerite Rut",1,4,1,1,16,0,7,Miss
11,1,1,"Bonnell, Miss. Elizabeth",1,58,0,0,26,0,3,Miss
12,0,3,"Saundercock, Mr. William Henry",0,20,0,0,8,0,8,Mr
13,0,3,"Andersson, Mr. Anders Johan",0,39,1,5,31,0,8,Mr
14,0,3,"Vestrom, Miss. Hulda Amanda Adolfina",1,14,0,0,7,0,8,Miss
15,1,2,"Hewlett, Mrs. (Mary D Kingcome) ",1,55,0,0,16,0,8,Mrs
16,0,3,"Rice, Master. Eugene",0,2,4,1,29,2,8,Master
17,1,2,"Williams, Mr. Charles Eugene",0,26,0,0,13,0,8,Mr
18,0,3,"Vander Planke, Mrs. Julius (Emelia Maria Vandemoortele)",1,31,1,0,18,0,8,Mrs
19,1,3,"Masselmani, Mrs. Fatima",1,33,0,0,7,1,8,Mrs
20,0,2,"Fynney, Mr. Joseph J",0,35,0,0,26,0,8,Mr
21,1,2,"Beesley, Mr. Lawrence",0,34,0,0,13,0,4,Mr
22,1,3,"McGowan, Miss. Anna ""Annie""",1,15,0,0,8,2,8,Miss
23,1,1,"Sloper, Mr. William Thompson",0,28,0,0,35,0,1,Mr
24,0,3,"Palsson, Miss. Torborg Danira",1,8,3,1,21,0,8,Miss
25,1,3,"Asplund, Mrs. Carl Oscar (Selma Augusta Emilia Johansson)",1,38,1,5,31,0,8,Mrs
26,0,3,"Emir, Mr. Farred Chehab",0,40,0,0,7,1,8,Mr
27,0,1,"Fortune, Mr. Charles Alexander",0,19,3,2,263,0,3,Mr
28,1,3,"O'Dwyer, Miss. Ellen ""Nellie""",1,33,0,0,7,2,8,Miss
29,0,3,"Todoroff, Mr. Lalio",0,26,0,0,7,0,8,Mr
30,0,1,"Uruchurtu, Don. Manuel E",0,40,0,0,27,1,8,Rare
31,1,1,"Spencer, Mrs. William Augustus (Marie Eugenie)",1,23,1,0,146,1,2,Mrs
32,1,3,"Glynn, Miss. Mary Agatha",1,40,0,0,7,2,8,Miss
33,0,2,"Wheadon, Mr. Edward H",0,66,0,0,10,0,8,Mr
34,0,1,"Meyer, Mr. Edgar Joseph",0,28,1,0,82,1,8,Mr
35,0,1,"Holverson, Mr. Alexander Oskar",0,42,1,0,52,0,8,Mr
36,1,3,"Mamee, Mr. Hanna",0,32,0,0,7,1,8,Mr
37,0,3,"Cann, Mr. Ernest Charles",0,21,0,0,8,0,8,Mr
38,0,3,"Vander Planke, Miss. Augusta Maria",1,18,2,0,18,0,8,Miss
39,1,3,"Nicola-Yarred, Miss. Jamila",1,14,1,0,11,1,8,Miss
40,0,3,"Ahlin, Mrs. Johan (Johanna Persdotter Larsson)",1,40,1,0,9,0,8,Mrs
41,0,2,"Turpin, Mrs. William John Robert (Dorothy Ann Wonnacott)",1,27,1,0,21,0,8,Mrs
42,0,3,"Kraeff, Mr. Theodor",0,20,0,0,7,1,8,Mr
43,1,2,"Laroche, Miss. Simonne Marie Anne Andree",1,3,1,2,41,1,8,Miss
44,1,3,"Devaney, Miss. Margaret Delia",1,19,0,0,7,2,8,Miss
45,0,3,"Rogers, Mr. William John",0,23,0,0,8,0,8,Mr
46,0,3,"Lennon, Mr. Denis",0,18,1,0,15,2,8,Mr
47,1,3,"O'Driscoll, Miss. Bridget",1,29,0,0,7,2,8,Miss
48,0,3,"Samaan, Mr. Youssef",0,26,2,0,21,1,8,Mr
49,0,3,"Arnold-Franchi, Mrs. Josef (Josefine Franchi)",1,18,1,0,17,0,8,Mrs
50,0,3,"Panula, Master. Juha Niilo",0,7,4,1,39,0,8,Master
51,0,3,"Nosworthy, Mr. Richard Cater",0,21,0,0,7,0,8,Mr
52,1,1,"Harper, Mrs. Henry Sleeper (Myna Haxtun)",1,49,1,0,76,1,4,Mrs
53,1,2,"Faunthorpe, Mrs. Lizzie (Elizabeth Anne Wilkinson)",1,29,1,0,26,0,8,Mrs
54,0,1,"Ostby, Mr. Engelhart Cornelius",0,65,0,1,61,1,2,Mr
55,1,1,"Woolner, Mr. Hugh",0,29,0,0,35,0,3,Mr
56,1,2,"Rugg, Miss. Emily",1,21,0,0,10,0,8,Miss
57,0,3,"Novel, Mr. Mansouer",0,28,0,0,7,1,8,Mr
58,1,2,"West, Miss. Constance Mirium",1,5,1,2,27,0,8,Miss
59,0,3,"Goodwin, Master. William Frederick",0,11,5,2,46,0,8,Master
60,0,3,"Sirayanian, Mr. Orsen",0,22,0,0,7,1,8,Mr
61,1,1,"Icard, Miss. Amelie",1,38,0,0,80,0,2,Miss
62,0,1,"Harris, Mr. Henry Birkhardt",0,45,1,0,83,0,3,Mr
63,0,3,"Skoog, Master. Harald",0,4,3,2,27,0,8,Master
64,0,1,"Stewart, Mr. Albert A",0,27,0,0,27,1,8,Mr
65,1,3,"Moubarek, Master. Gerios",0,15,1,1,15,1,8,Master
66,1,2,"Nye, Mrs. (Elizabeth Ramell)",1,29,0,0,10,0,6,Mrs
67,0,3,"Crease, Mr. Ernest James",0,19,0,0,8,0,8,Mr
68,1,3,"Andersson, Miss. Erna Alexandra",1,17,4,2,7,0,8,Miss
69,0,3,"Kink, Mr. Vincenz",0,26,2,0,8,0,8,Mr
70,0,2,"Jenkin, Mr. Stephen Curnow",0,32,0,0,10,0,8,Mr
71,0,3,"Goodwin, Miss. Lillian Amy",1,16,5,2,46,0,8,Miss
72,0,2,"Hood, Mr. Ambrose Jr",0,21,0,0,73,0,8,Mr
73,0,3,"Chronopoulos, Mr. Apostolos",0,26,1,0,14,1,8,Mr
74,1,3,"Bing, Mr. Lee",0,32,0,0,56,0,8,Mr
75,0,3,"Moen, Mr. Sigurd Hansen",0,25,0,0,7,0,6,Mr
76,0,3,"Staneff, Mr. Ivan",0,20,0,0,7,0,8,Mr
77,0,3,"Moutal, Mr. Rahamin Haim",0,38,0,0,8,0,8,Mr
78,1,2,"Caldwell, Master. Alden Gates",0,0,0,2,29,0,8,Master
79,1,3,"Dowdell, Miss. Elizabeth",1,30,0,0,12,0,8,Miss
80,0,3,"Waelens, Mr. Achille",0,22,0,0,9,0,8,Mr
81,1,3,"Sheerlinck, Mr. Jan Baptist",0,29,0,0,9,0,8,Mr
82,1,3,"McDermott, Miss. Brigdet Delia",1,36,0,0,7,2,8,Miss
83,0,1,"Carrau, Mr. Francisco M",0,28,0,0,47,0,8,Mr
84,1,2,"Ilett, Miss. Bertha",1,17,0,0,10,0,8,Miss
85,1,3,"Backstrom, Mrs. Karl Alfred (Maria Mathilda Gustafsson)",1,33,3,0,15,0,8,Mrs
86,0,3,"Ford, Mr. William Neal",0,16,1,3,34,0,8,Mr
87,0,3,"Slocovski, Mr. Selman Francis",0,32,0,0,8,0,8,Mr
88,1,1,"Fortune, Miss. Mabel Helen",1,23,3,2,263,0,3,Miss
89,0,3,"Celotti, Mr. Francesco",0,24,0,0,8,0,8,Mr
90,0,3,"Christmann, Mr. Emil",0,29,0,0,8,0,8,Mr
91,0,3,"Andreasson, Mr. Paul Edvin",0,20,0,0,7,0,8,Mr
92,0,1,"Chaffee, Mr. Herbert Fuller",0,46,1,0,61,0,5,Mr
93,0,3,"Dean, Mr. Bertram Frank",0,26,1,2,20,0,8,Mr
94,0,3,"Coxon, Mr. Daniel",0,59,0,0,7,0,8,Mr
95,0,3,"Shorney, Mr. Charles Joseph",0,31,0,0,8,0,8,Mr
96,0,1,"Goldschmidt, Mr. George B",0,71,0,0,34,1,1,Mr
97,1,1,"Greenfield, Mr. William Bertram",0,23,0,1,63,1,4,Mr
98,1,2,"Doling, Mrs. John T (Ada Julia Bone)",1,34,0,1,23,0,8,Mrs
99,0,2,"Kantor, Mr. Sinai",0,34,1,0,26,0,8,Mr
100,0,3,"Petranec, Miss. Matilda",1,28,0,0,7,0,8,Miss
101,0,3,"Petroff, Mr. Pastcho (""Pentcho"")",0,22,0,0,7,0,8,Mr
102,0,1,"White, Mr. Richard Frasar",0,21,0,1,77,0,4,Mr
103,0,3,"Johansson, Mr. Gustaf Joel",0,33,0,0,8,0,8,Mr
104,0,3,"Gustafsson, Mr. Anders Vilhelm",0,37,2,0,7,0,8,Mr
105,0,3,"Mionoff, Mr. Stoytcho",0,28,0,0,7,0,8,Mr
106,1,3,"Salkjelsvik, Miss. Anna Kristine",1,21,0,0,7,0,8,Miss
107,1,3,"Moss, Mr. Albert Johan",0,20,0,0,7,0,8,Mr
108,0,3,"Rekic, Mr. Tido",0,38,0,0,7,0,8,Mr
109,1,3,"Moran, Miss. Bertha",1,17,1,0,24,2,8,Miss
110,0,1,"Porter, Mr. Walter Chamberlain",0,47,0,0,52,0,3,Mr
111,0,3,"Zabour, Miss. Hileni",1,14,1,0,14,1,8,Miss
112,0,3,"Barton, Mr. David John",0,22,0,0,8,0,8,Mr
113,0,3,"Jussila, Miss. Katriina",1,20,1,0,9,0,8,Miss
114,0,3,"Attalah, Miss. Malake",1,17,0,0,14,1,8,Miss
115,0,3,"Pekoniemi, Mr. Edvard",0,21,0,0,7,0,8,Mr
116,0,3,"Connors, Mr. Patrick",0,70,0,0,7,2,8,Mr
117,0,2,"Turpin, Mr. William John Robert",0,29,1,0,21,0,8,Mr
118,0,1,"Baxter, Mr. Quigg Edmond",0,24,0,1,247,1,2,Mr
119,0,3,"Andersson, Miss. Ellis Anna Maria",1,2,4,2,31,0,8,Miss
120,0,2,"Hickman, Mr. Stanley George",0,21,2,0,73,0,8,Mr
121,0,3,"Moore, Mr. Leonard Charles",0,38,0,0,8,0,8,Mr
122,0,2,"Nasser, Mr. Nicholas",0,32,1,0,30,1,8,Mr
123,1,2,"Webber, Miss. Susan",1,32,0,0,13,0,5,Miss
124,0,1,"White, Mr. Percival Wayland",0,54,0,1,77,0,4,Mr
125,1,3,"Nicola-Yarred, Master. Elias",0,12,1,0,11,1,8,Master
126,0,3,"McMahon, Mr. Martin",0,24,0,0,7,2,8,Mr
127,1,3,"Madsen, Mr. Fridtjof Arne",0,24,0,0,7,0,8,Mr
128,1,3,"Peter, Miss. Anna",1,33,1,1,22,1,6,Miss
129,0,3,"Ekstrom, Mr. Johan",0,45,0,0,6,0,8,Mr
130,0,3,"Drazenoic, Mr. Jozef",0,33,0,0,7,1,8,Mr
131,0,3,"Coelho, Mr. Domingos Fernandeo",0,20,0,0,7,0,8,Mr
132,0,3,"Robins, Mrs. Alexander A (Grace Charity Laury)",1,47,1,0,14,0,8,Mrs
133,1,2,"Weisz, Mrs. Leopold (Mathilde Francoise Pede)",1,29,1,0,26,0,8,Mrs
134,0,2,"Sobey, Mr. Samuel James Hayden",0,25,0,0,13,0,8,Mr
135,0,2,"Richard, Mr. Emile",0,23,0,0,15,1,8,Mr
136,1,1,"Newsom, Miss. Helen Monypeny",1,19,0,2,26,0,4,Miss
137,0,1,"Futrelle, Mr. Jacques Heath",0,37,1,0,53,0,3,Mr
138,0,3,"Osen, Mr. Olaf Elon",0,16,0,0,9,0,8,Mr
139,0,1,"Giglio, Mr. Victor",0,24,0,0,79,1,2,Mr
140,0,3,"Boulos, Mrs. Joseph (Sultana)",1,38,0,2,15,1,8,Mrs
141,1,3,"Nysten, Miss. Anna Sofia",1,22,0,0,7,0,8,Miss
142,1,3,"Hakkarainen, Mrs. Pekka Pietari (Elin Matilda Dolck)",1,24,1,0,15,0,8,Mrs
143,0,3,"Burke, Mr. Jeremiah",0,19,0,0,6,2,8,Mr
144,0,2,"Andrew, Mr. Edgardo Samuel",0,18,0,0,11,0,8,Mr
145,0,2,"Nicholls, Mr. Joseph Charles",0,19,1,1,36,0,8,Mr
146,1,3,"Andersson, Mr. August Edvard (""Wennerstrom"")",0,27,0,0,7,0,8,Mr
147,0,3,"Ford, Miss. Robina Maggie ""Ruby""",1,9,2,2,34,0,8,Miss
148,0,2,"Navratil, Mr. Michel (""Louis M Hoffman"")",0,36,0,2,26,0,6,Mr
149,0,2,"Byles, Rev. Thomas Roussel Davids",0,42,0,0,13,0,8,Rare
150,0,2,"Bateman, Rev. Robert James",0,51,0,0,12,0,8,Rare
151,1,1,"Pears, Mrs. Thomas (Edith Wearne)",1,22,1,0,66,0,3,Mrs
152,0,3,"Meo, Mr. Alfonzo",0,55,0,0,8,0,8,Mr
153,0,3,"van Billiard, Mr. Austin Blyler",0,40,0,2,14,0,8,Mr
154,0,3,"Olsen, Mr. Ole Martin",0,32,0,0,7,0,8,Mr
155,0,1,"Williams, Mr. Charles Duane",0,51,0,1,61,1,8,Mr
156,1,3,"Gilnagh, Miss. Katherine ""Katie""",1,16,0,0,7,2,8,Miss
157,0,3,"Corn, Mr. Harry",0,30,0,0,8,0,8,Mr
158,0,3,"Smiljanic, Mr. Mile",0,20,0,0,8,0,8,Mr
159,0,3,"Sage, Master. Thomas Henry",0,39,8,2,69,0,8,Master
160,0,3,"Cribb, Mr. John Hatfield",0,44,0,1,16,0,8,Mr
161,1,2,"Watt, Mrs. James (Elizabeth ""Bessie"" Inglis Milne)",1,40,0,0,15,0,8,Mrs
162,0,3,"Bengtsson, Mr. John Viktor",0,26,0,0,7,0,8,Mr
163,0,3,"Calic, Mr. Jovo",0,17,0,0,8,0,8,Mr
164,0,3,"Panula, Master. Eino Viljami",0,1,4,1,39,0,8,Master
165,1,3,"Goldsmith, Master. Frank John William ""Frankie""",0,9,0,2,20,0,8,Master
166,1,1,"Chibnall, Mrs. (Edith Martha Bowerman)",1,17,0,1,55,0,5,Mrs
167,0,3,"Skoog, Mrs. William (Anna Bernhardina Karlsson)",1,45,1,4,27,0,8,Mrs
168,0,1,"Baumann, Mr. John D",0,29,0,0,25,0,8,Mr
169,0,3,"Ling, Mr. Lee",0,28,0,0,56,0,8,Mr
170,0,1,"Van der hoef, Mr. Wyckoff",0,61,0,0,33,0,2,Mr
171,0,3,"Rice, Master. Arthur",0,4,4,1,29,2,8,Master
172,1,3,"Johnson, Miss. Eleanor Ileen",1,1,1,1,11,0,8,Miss
173,0,3,"Sivola, Mr. Antti Wilhelm",0,21,0,0,7,0,8,Mr
174,0,1,"Smith, Mr. James Clinch",0,56,0,0,30,1,1,Mr
175,0,3,"Klasen, Mr. Klas Albin",0,18,1,1,7,0,8,Mr
176,0,3,"Lefebre, Master. Henry Forbes",0,41,3,1,25,0,8,Master
177,0,1,"Isham, Miss. Ann Elizabeth",1,50,0,0,28,1,3,Miss
178,0,2,"Hale, Mr. Reginald",0,30,0,0,13,0,8,Mr
179,0,3,"Leonard, Mr. Lionel",0,36,0,0,0,0,8,Mr
180,0,3,"Sage, Miss. Constance Gladys",1,21,8,2,69,0,8,Miss
181,0,2,"Pernot, Mr. Rene",0,36,0,0,15,1,8,Mr
182,0,3,"Asplund, Master. Clarence Gustaf Hugo",0,9,4,2,31,0,8,Master
183,1,2,"Becker, Master. Richard F",0,1,2,1,39,0,6,Master
184,1,3,"Kink-Heilmann, Miss. Luise Gretchen",1,4,0,2,22,0,8,Miss
185,0,1,"Rood, Mr. Hugh Roscoe",0,23,0,0,50,0,1,Mr
186,1,3,"O'Brien, Mrs. Thomas (Johanna ""Hannah"" Godfrey)",1,27,1,0,15,2,8,Mrs
187,1,1,"Romaine, Mr. Charles Hallace (""Mr C Rolmane"")",0,45,0,0,26,0,8,Mr
188,0,3,"Bourke, Mr. John",0,40,1,1,15,2,8,Mr
189,0,3,"Turcin, Mr. Stjepan",0,36,0,0,7,0,8,Mr
190,1,2,"Pinsky, Mrs. (Rosa)",1,32,0,0,13,0,8,Mrs
191,0,2,"Carbines, Mr. William",0,19,0,0,13,0,8,Mr
192,1,3,"Andersen-Jensen, Miss. Carla Christine Nielsine",1,19,1,0,7,0,8,Miss
193,1,2,"Navratil, Master. Michel M",0,3,1,1,26,0,6,Master
194,1,1,"Brown, Mrs. James Joseph (Margaret Tobin)",1,44,0,0,27,1,2,Mrs
195,1,1,"Lurette, Miss. Elise",1,58,0,0,146,1,2,Miss
196,0,3,"Mernagh, Mr. Robert",0,37,0,0,7,2,8,Mr
197,0,3,"Olsen, Mr. Karl Siegwart Andreas",0,42,0,1,8,0,8,Mr
198,1,3,"Madigan, Miss. Margaret ""Maggie""",1,42,0,0,7,2,8,Miss
199,0,2,"Yrois, Miss. Henriette (""Mrs Harbeck"")",1,24,0,0,13,0,8,Miss
200,0,3,"Vande Walle, Mr. Nestor Cyriel",0,28,0,0,9,0,8,Mr
201,0,3,"Sage, Mr. Frederick",0,33,8,2,69,0,8,Mr
202,0,3,"Johanson, Mr. Jakob Alfred",0,34,0,0,6,0,8,Mr
203,0,3,"Youseff, Mr. Gerious",0,45,0,0,7,1,8,Mr
204,1,3,"Cohen, Mr. Gurshon ""Gus""",0,18,0,0,8,0,8,Mr
205,0,3,"Strom, Miss. Telma Matilda",1,2,0,1,10,0,7,Miss
206,0,3,"Backstrom, Mr. Karl Alfred",0,32,1,0,15,0,8,Mr
207,1,3,"Albimona, Mr. Nassef Cassem",0,26,0,0,18,1,8,Mr
208,1,3,"Carr, Miss. Helen ""Ellen""",1,16,0,0,7,2,8,Miss
209,1,1,"Blank, Mr. Henry",0,40,0,0,31,1,1,Mr
210,0,3,"Ali, Mr. Ahmed",0,24,0,0,7,0,8,Mr
211,1,2,"Cameron, Miss. Clear Annie",1,35,0,0,21,0,8,Miss
212,0,3,"Perkin, Mr. John Henry",0,22,0,0,7,0,8,Mr
213,0,2,"Givard, Mr. Hans Kristensen",0,30,0,0,13,0,8,Mr
214,0,3,"Kiernan, Mr. Philip",0,29,1,0,7,2,8,Mr
215,1,1,"Newell, Miss. Madeleine",1,31,1,0,113,1,4,Miss
216,1,3,"Honkanen, Miss. Eliina",1,27,0,0,7,0,8,Miss
217,0,2,"Jacobsohn, Mr. Sidney Samuel",0,42,1,0,27,0,8,Mr
218,1,1,"Bazzani, Miss. Albina",1,32,0,0,76,1,4,Miss
219,0,2,"Harris, Mr. Walter",0,30,0,0,10,0,8,Mr
220,1,3,"Sunderland, Mr. Victor Francis",0,16,0,0,8,0,8,Mr
221,0,2,"Bracken, Mr. James H",0,27,0,0,13,0,8,Mr
222,0,3,"Green, Mr. George Henry",0,51,0,0,8,0,8,Mr
223,0,3,"Nenkoff, Mr. Christo",0,39,0,0,7,0,8,Mr
224,1,1,"Hoyt, Mr. Frederick Maxfield",0,38,1,0,90,0,3,Mr
225,0,3,"Berglund, Mr. Karl Ivar Sven",0,22,0,0,9,0,8,Mr
226,1,2,"Mellors, Mr. William John",0,19,0,0,10,0,8,Mr
227,0,3,"Lovell, Mr. John Hall (""Henry"")",0,20,0,0,7,0,8,Mr
228,0,2,"Fahlstrom, Mr. Arne Jonas",0,18,0,0,13,0,8,Mr
229,0,3,"Lefebre, Miss. Mathilde",1,17,3,1,25,0,8,Miss
230,1,1,"Harris, Mrs. Henry Birkhardt (Irene Wallach)",1,35,1,0,83,0,3,Mrs
231,0,3,"Larsson, Mr. Bengt Edvin",0,29,0,0,7,0,8,Mr
232,0,2,"Sjostedt, Mr. Ernst Adolf",0,59,0,0,13,0,8,Mr
233,1,3,"Asplund, Miss. Lillian Gertrud",1,5,4,2,31,0,8,Miss
234,0,2,"Leyson, Mr. Robert William Norman",0,24,0,0,10,0,8,Mr
235,0,3,"Harknett, Miss. Alice Phoebe",1,26,0,0,7,0,8,Miss
236,0,2,"Hold, Mr. Stephen",0,44,1,0,26,0,8,Mr
237,1,2,"Collyer, Miss. Marjorie ""Lottie""",1,8,0,2,26,0,8,Miss
238,0,2,"Pengelly, Mr. Frederick William",0,19,0,0,10,0,8,Mr
239,0,2,"Hunt, Mr. George Henry",0,33,0,0,12,0,8,Mr
240,0,3,"Zabour, Miss. Thamine",1,31,1,0,14,1,8,Miss
241,1,3,"Murphy, Miss. Katherine ""Kate""",1,24,1,0,15,2,8,Miss
242,0,2,"Coleridge, Mr. Reginald Charles",0,29,0,0,10,0,8,Mr
243,0,3,"Maenpaa, Mr. Matti Alexanteri",0,22,0,0,7,0,8,Mr
244,0,3,"Attalah, Mr. Sleiman",0,30,0,0,7,1,8,Mr
245,0,1,"Minahan, Dr. William Edward",0,44,2,0,90,2,3,Rare
246,0,3,"Lindahl, Miss. Agda Thorilda Viktoria",1,25,0,0,7,0,8,Miss
247,1,2,"Hamalainen, Mrs. William (Anna)",1,24,0,2,14,0,8,Mrs
248,1,1,"Beckwith, Mr. Richard Leonard",0,37,1,1,52,0,4,Mr
249,0,2,"Carter, Rev. Ernest Courtenay",0,54,1,0,26,0,8,Rare
250,0,3,"Reed, Mr. James George",0,18,0,0,7,0,8,Mr
251,0,3,"Strom, Mrs. Wilhelm (Elna Matilda Persson)",1,29,1,1,10,0,7,Mrs
252,0,1,"Stead, Mr. William Thomas",0,62,0,0,26,0,3,Mr
253,0,3,"Lobb, Mr. William Arthur",0,30,1,0,16,0,8,Mr
254,0,3,"Rosblom, Mrs. Viktor (Helena Wilhelmina)",1,41,0,2,20,0,8,Mrs
255,1,3,"Touma, Mrs. Darwis (Hanne Youssef Razi)",1,29,0,2,15,1,8,Mrs
256,1,1,"Thorne, Mrs. Gertrude Maybelle",1,29,0,0,79,1,8,Mrs
257,1,1,"Cherry, Miss. Gladys",1,30,0,0,86,0,2,Miss
258,1,1,"Ward, Miss. Anna",1,35,0,0,512,1,8,Miss
259,1,2,"Parrish, Mrs. (Lutie Davis)",1,50,0,1,26,0,8,Mrs
260,0,3,"Smith, Mr. Thomas",0,39,0,0,7,2,8,Mr
261,1,3,"Asplund, Master. Edvin Rojj Felix",0,3,4,2,31,0,8,Master
262,0,1,"Taussig, Mr. Emil",0,52,1,1,79,0,5,Mr
263,0,1,"Harrison, Mr. William",0,40,0,0,0,0,2,Mr
264,0,3,"Henry, Miss. Delia",1,21,0,0,7,2,8,Miss
265,0,2,"Reeves, Mr. David",0,36,0,0,10,0,8,Mr
266,0,3,"Panula, Mr. Ernesti Arvid",0,16,4,1,39,0,8,Mr
267,1,3,"Persson, Mr. Ernst Ulrik",0,25,1,0,7,0,8,Mr
268,1,1,"Graham, Mrs. William Thompson (Edith Junkins)",1,58,0,1,153,0,3,Mrs
269,1,1,"Bissette, Miss. Amelia",1,35,0,0,135,0,3,Miss
270,0,1,"Cairns, Mr. Alexander",0,29,0,0,31,0,8,Mr
271,1,3,"Tornquist, Mr. William Henry",0,25,0,0,0,0,8,Mr
272,1,2,"Mellinger, Mrs. (Elizabeth Anne Maidment)",1,41,0,1,19,0,8,Mrs
273,0,1,"Natsch, Mr. Charles H",0,37,0,1,29,1,3,Mr
274,1,3,"Healy, Miss. Hanora ""Nora""",1,20,0,0,7,2,8,Miss
275,1,1,"Andrews, Miss. Kornelia Theodosia",1,63,1,0,77,0,4,Miss
276,0,3,"Lindblom, Miss. Augusta Charlotta",1,45,0,0,7,0,8,Miss
277,0,2,"Parkes, Mr. Francis ""Frank""",0,30,0,0,0,0,8,Mr
278,0,3,"Rice, Master. Eric",0,7,4,1,29,2,8,Master
279,1,3,"Abbott, Mrs. Stanton (Rosa Hunt)",1,35,1,1,20,0,8,Mrs
280,0,3,"Duane, Mr. Frank",0,65,0,0,7,2,8,Mr
281,0,3,"Olsson, Mr. Nils Johan Goransson",0,28,0,0,7,0,8,Mr
282,0,3,"de Pelsmaeker, Mr. Alfons",0,16,0,0,9,0,8,Mr
283,1,3,"Dorking, Mr. Edward Arthur",0,19,0,0,8,0,8,Mr
284,0,1,"Smith, Mr. Richard William",0,26,0,0,26,0,1,Mr
285,0,3,"Stankovic, Mr. Ivan",0,33,0,0,8,1,8,Mr
286,1,3,"de Mulder, Mr. Theodore",0,30,0,0,9,0,8,Mr
287,0,3,"Naidenoff, Mr. Penko",0,22,0,0,7,0,8,Mr
288,1,2,"Hosono, Mr. Masabumi",0,42,0,0,13,0,8,Mr
289,1,3,"Connolly, Miss. Kate",1,22,0,0,7,2,8,Miss
290,1,1,"Barber, Miss. Ellen ""Nellie""",1,26,0,0,78,0,8,Miss
291,1,1,"Bishop, Mrs. Dickinson H (Helen Walton)",1,19,1,0,91,1,2,Mrs
292,0,2,"Levy, Mr. Rene Jacques",0,36,0,0,12,1,4,Mr
293,0,3,"Haas, Miss. Aloisia",1,24,0,0,8,0,8,Miss
294,0,3,"Mineff, Mr. Ivan",0,24,0,0,7,0,8,Mr
295,0,1,"Lewy, Mr. Ervin G",0,40,0,0,27,1,8,Mr
296,0,3,"Hanna, Mr. Mansour",0,23,0,0,7,1,8,Mr
297,0,1,"Allison, Miss. Helen Loraine",1,2,1,2,151,0,3,Miss
298,1,1,"Saalfeld, Mr. Adolphe",0,24,0,0,30,0,3,Mr
299,1,1,"Baxter, Mrs. James (Helene DeLaudeniere Chaput)",1,50,0,1,247,1,2,Mrs
300,1,3,"Kelly, Miss. Anna Katherine ""Annie Kate""",1,24,0,0,7,2,8,Miss
301,1,3,"McCoy, Mr. Bernard",0,25,2,0,23,2,8,Mr
302,0,3,"Johnson, Mr. William Cahoone Jr",0,19,0,0,0,0,8,Mr
303,1,2,"Keane, Miss. Nora A",1,32,0,0,12,2,5,Miss
304,0,3,"Williams, Mr. Howard Hugh ""Harry""",0,19,0,0,8,0,8,Mr
305,1,1,"Allison, Master. Hudson Trevor",0,0,1,2,151,0,3,Master
306,1,1,"Fleming, Miss. Margaret",1,19,0,0,110,1,8,Miss
307,1,1,"Penasco y Castellana, Mrs. Victor de Satode (Maria Josefa Perez de Soto y Vallejo)",1,17,1,0,108,1,3,Mrs
308,0,2,"Abelson, Mr. Samuel",0,30,1,0,24,1,8,Mr
309,1,1,"Francatelli, Miss. Laura Mabel",1,30,0,0,56,1,5,Miss
310,1,1,"Hays, Miss. Margaret Bechstein",1,24,0,0,83,1,3,Miss
311,1,1,"Ryerson, Miss. Emily Borie",1,18,2,2,262,1,2,Miss
312,0,2,"Lahtinen, Mrs. William (Anna Sylfven)",1,26,1,1,26,0,8,Mrs
313,0,3,"Hendekovic, Mr. Ignjac",0,28,0,0,7,0,8,Mr
314,0,2,"Hart, Mr. Benjamin",0,43,1,1,26,0,8,Mr
315,1,3,"Nilsson, Miss. Helmina Josefina",1,26,0,0,7,0,8,Miss
316,1,2,"Kantor, Mrs. Sinai (Miriam Sternin)",1,24,1,0,26,0,8,Mrs
317,0,2,"Moraweck, Dr. Ernest",0,54,0,0,14,0,8,Rare
318,1,1,"Wick, Miss. Mary Natalie",1,31,0,2,164,0,3,Miss
319,1,1,"Spedden, Mrs. Frederic Oakley (Margaretta Corning Stone)",1,40,1,1,134,1,5,Mrs
320,0,3,"Dennis, Mr. Samuel",0,22,0,0,7,0,8,Mr
321,0,3,"Danoff, Mr. Yoto",0,27,0,0,7,0,8,Mr
322,1,2,"Slayter, Miss. Hilda Mary",1,30,0,0,12,2,8,Miss
323,1,2,"Caldwell, Mrs. Albert Francis (Sylvia Mae Harbaugh)",1,22,1,1,29,0,8,Mrs
324,0,3,"Sage, Mr. George John Jr",0,40,8,2,69,0,8,Mr
325,1,1,"Young, Miss. Marie Grice",1,36,0,0,135,1,3,Miss
326,0,3,"Nysveen, Mr. Johan Hansen",0,61,0,0,6,0,8,Mr
327,1,2,"Ball, Mrs. (Ada E Hall)",1,36,0,0,13,0,4,Mrs
328,1,3,"Goldsmith, Mrs. Frank John (Emily Alice Brown)",1,31,1,1,20,0,8,Mrs
329,1,1,"Hippach, Miss. Jean Gertrude",1,16,0,1,57,1,2,Miss
330,1,3,"McCoy, Miss. Agnes",1,28,2,0,23,2,8,Miss
331,0,1,"Partner, Mr. Austen",0,45,0,0,28,0,3,Mr
332,0,1,"Graham, Mr. George Edward",0,38,0,1,153,0,3,Mr
333,0,3,"Vander Planke, Mr. Leo Edmondus",0,16,2,0,18,0,8,Mr
334,1,1,"Frauenthal, Mrs. Henry William (Clara Heinsheimer)",1,39,1,0,133,0,8,Mrs
335,0,3,"Denkoff, Mr. Mitto",0,39,0,0,7,0,8,Mr
336,0,1,"Pears, Mr. Thomas Clinton",0,29,1,0,66,0,3,Mr
337,1,1,"Burns, Miss. Elizabeth Margaret",1,41,0,0,134,1,5,Miss
338,1,3,"Dahl, Mr. Karl Edwart",0,45,0,0,8,0,8,Mr
339,0,1,"Blackwell, Mr. Stephen Weart",0,45,0,0,35,0,0,Mr
340,1,2,"Navratil, Master. Edmond Roger",0,2,1,1,26,0,6,Master
341,1,1,"Fortune, Miss. Alice Elizabeth",1,24,3,2,263,0,3,Miss
342,0,2,"Collander, Mr. Erik Gustaf",0,28,0,0,13,0,8,Mr
343,0,2,"Sedgwick, Mr. Charles Frederick Waddington",0,25,0,0,13,0,8,Mr
344,0,2,"Fox, Mr. Stanley Hubert",0,36,0,0,13,0,8,Mr
345,1,2,"Brown, Miss. Amelia ""Mildred""",1,24,0,0,13,0,6,Miss
346,1,2,"Smith, Miss. Marion Elsie",1,40,0,0,13,0,8,Miss
347,1,3,"Davison, Mrs. Thomas Henry (Mary E Finck)",1,20,1,0,16,0,8,Mrs
348,1,3,"Coutts, Master. William Loch ""William""",0,3,1,1,15,0,8,Master
349,0,3,"Dimic, Mr. Jovan",0,42,0,0,8,0,8,Mr
350,0,3,"Odahl, Mr. Nils Martin",0,23,0,0,9,0,8,Mr
351,0,1,"Williams-Lambert, Mr. Fletcher Fellows",0,15,0,0,35,0,3,Mr
352,0,3,"Elias, Mr. Tannous",0,15,1,1,7,1,8,Mr
353,0,3,"Arnold-Franchi, Mr. Josef",0,25,1,0,17,0,8,Mr
354,0,3,"Yousif, Mr. Wazli",0,20,0,0,7,1,8,Mr
355,0,3,"Vanden Steen, Mr. Leo Peter",0,28,0,0,9,0,8,Mr
356,1,1,"Bowerman, Miss. Elsie Edith",1,22,0,1,55,0,5,Miss
357,0,2,"Funk, Miss. Annie Clemmer",1,38,0,0,13,0,8,Miss
358,1,3,"McGovern, Miss. Mary",1,35,0,0,7,2,8,Miss
359,1,3,"Mockler, Miss. Helen Mary ""Ellie""",1,24,0,0,7,2,8,Miss
360,0,3,"Skoog, Mr. Wilhelm",0,40,1,4,27,0,8,Mr
361,0,2,"del Carlo, Mr. Sebastiano",0,29,1,0,27,1,8,Mr
362,0,3,"Barbara, Mrs. (Catherine David)",1,45,0,1,14,1,8,Mrs
363,0,3,"Asim, Mr. Adola",0,35,0,0,7,0,8,Mr
364,0,3,"O'Brien, Mr. Thomas",0,27,1,0,15,2,8,Mr
365,0,3,"Adahl, Mr. Mauritz Nils Martin",0,30,0,0,7,0,8,Mr
366,1,1,"Warren, Mrs. Frank Manley (Anna Sophia Atkinson)",1,60,1,0,75,1,4,Mrs
367,1,3,"Moussa, Mrs. (Mantoura Boulos)",1,29,0,0,7,1,8,Mrs
368,1,3,"Jermyn, Miss. Annie",1,35,0,0,7,2,8,Miss
369,1,1,"Aubart, Mme. Leontine Pauline",1,24,0,0,69,1,2,Mrs
370,1,1,"Harder, Mr. George Achilles",0,25,1,0,55,1,5,Mr
371,0,3,"Wiklund, Mr. Jakob Alfred",0,18,1,0,6,0,8,Mr
372,0,3,"Beavan, Mr. William Thomas",0,19,0,0,8,0,8,Mr
373,0,1,"Ringhini, Mr. Sante",0,22,0,0,135,1,8,Mr
374,0,3,"Palsson, Miss. Stina Viola",1,3,3,1,21,0,8,Miss
375,1,1,"Meyer, Mrs. Edgar Joseph (Leila Saks)",1,34,1,0,82,1,8,Mrs
376,1,3,"Landergren, Miss. Aurora Adelia",1,22,0,0,7,0,8,Miss
377,0,1,"Widener, Mr. Harry Elkins",0,27,0,2,211,1,3,Mr
378,0,3,"Betros, Mr. Tannous",0,20,0,0,4,1,8,Mr
379,0,3,"Gustafsson, Mr. Karl Gideon",0,19,0,0,7,0,8,Mr
380,1,1,"Bidois, Miss. Rosalie",1,42,0,0,227,1,8,Miss
381,1,3,"Nakid, Miss. Maria (""Mary"")",1,1,0,2,15,1,8,Miss
382,0,3,"Tikkanen, Mr. Juho",0,32,0,0,7,0,8,Mr
383,1,1,"Holverson, Mrs. Alexander Oskar (Mary Aline Towner)",1,35,1,0,52,0,8,Mrs
384,0,3,"Plotcharsky, Mr. Vasil",0,34,0,0,7,0,8,Mr
385,0,2,"Davies, Mr. Charles Henry",0,18,0,0,73,0,8,Mr
386,0,3,"Goodwin, Master. Sidney Leonard",0,1,5,2,46,0,8,Master
387,1,2,"Buss, Miss. Kate",1,36,0,0,13,0,8,Miss
388,0,3,"Sadlier, Mr. Matthew",0,30,0,0,7,2,8,Mr
389,1,2,"Lehmann, Miss. Bertha",1,17,0,0,12,1,8,Miss
390,1,1,"Carter, Mr. William Ernest",0,36,1,2,120,0,2,Mr
391,1,3,"Jansson, Mr. Carl Olof",0,21,0,0,7,0,8,Mr
392,0,3,"Gustafsson, Mr. Johan Birger",0,28,2,0,7,0,8,Mr
393,1,1,"Newell, Miss. Marjorie",1,23,1,0,113,1,4,Miss
394,1,3,"Sandstrom, Mrs. Hjalmar (Agnes Charlotta Bengtsson)",1,24,0,2,16,0,7,Mrs
395,0,3,"Johansson, Mr. Erik",0,22,0,0,7,0,8,Mr
396,0,3,"Olsson, Miss. Elina",1,31,0,0,7,0,8,Miss
397,0,2,"McKane, Mr. Peter David",0,46,0,0,26,0,8,Mr
398,0,2,"Pain, Dr. Alfred",0,23,0,0,10,0,8,Rare
399,1,2,"Trout, Mrs. William H (Jessie L)",1,28,0,0,12,0,8,Mrs
400,1,3,"Niskanen, Mr. Juha",0,39,0,0,7,0,8,Mr
401,0,3,"Adams, Mr. John",0,26,0,0,8,0,8,Mr
402,0,3,"Jussila, Miss. Mari Aina",1,21,1,0,9,0,8,Miss
403,0,3,"Hakkarainen, Mr. Pekka Pietari",0,28,1,0,15,0,8,Mr
404,0,3,"Oreskovic, Miss. Marija",1,20,0,0,8,0,8,Miss
405,0,2,"Gale, Mr. Shadrach",0,34,1,0,21,0,8,Mr
406,0,3,"Widegren, Mr. Carl/Charles Peter",0,51,0,0,7,0,8,Mr
407,1,2,"Richards, Master. William Rowe",0,3,1,1,18,0,8,Master
408,0,3,"Birkeland, Mr. Hans Martin Monsen",0,21,0,0,7,0,8,Mr
409,0,3,"Lefebre, Miss. Ida",1,20,3,1,25,0,8,Miss
410,0,3,"Sdycoff, Mr. Todor",0,40,0,0,7,0,8,Mr
411,0,3,"Hart, Mr. Henry",0,15,0,0,6,2,8,Mr
412,1,1,"Minahan, Miss. Daisy E",1,33,1,0,90,2,3,Miss
413,0,2,"Cunningham, Mr. Alfred Fleming",0,26,0,0,0,0,8,Mr
414,1,3,"Sundman, Mr. Johan Julian",0,44,0,0,7,0,8,Mr
415,0,3,"Meek, Mrs. Thomas (Annie Louise Rowley)",1,22,0,0,8,0,8,Mrs
416,1,2,"Drew, Mrs. James Vivian (Lulu Thorne Christian)",1,34,1,1,32,0,8,Mrs
417,1,2,"Silven, Miss. Lyyli Karoliina",1,18,0,2,13,0,8,Miss
418,0,2,"Matthews, Mr. William John",0,30,0,0,13,0,8,Mr
419,0,3,"Van Impe, Miss. Catharina",1,10,0,2,24,0,8,Miss
420,0,3,"Gheorgheff, Mr. Stanio",0,25,0,0,7,1,8,Mr
421,0,3,"Charters, Mr. David",0,21,0,0,7,2,8,Mr
422,0,3,"Zimmerman, Mr. Leo",0,29,0,0,7,0,8,Mr
423,0,3,"Danbom, Mrs. Ernst Gilbert (Anna Sigrid Maria Brogren)",1,28,1,1,14,0,8,Mrs
424,0,3,"Rosblom, Mr. Viktor Richard",0,18,1,1,20,0,8,Mr
425,0,3,"Wiseman, Mr. Phillippe",0,35,0,0,7,0,8,Mr
426,1,2,"Clarke, Mrs. Charles V (Ada Maria Winfield)",1,28,1,0,26,0,8,Mrs
427,1,2,"Phillips, Miss. Kate Florence (""Mrs Kate Louise Phillips Marshall"")",1,19,0,0,26,0,8,Miss
428,0,3,"Flynn, Mr. James",0,26,0,0,7,2,8,Mr
429,1,3,"Pickard, Mr. Berk (Berk Trembisky)",0,32,0,0,8,0,5,Mr
430,1,1,"Bjornstrom-Steffansson, Mr. Mauritz Hakan",0,28,0,0,26,0,3,Mr
431,1,3,"Thorneycroft, Mrs. Percival (Florence Kate White)",1,35,1,0,16,0,8,Mrs
432,1,2,"Louch, Mrs. Charles Alexander (Alice Adelaide Slow)",1,42,1,0,26,0,8,Mrs
433,0,3,"Kallio, Mr. Nikolai Erland",0,17,0,0,7,0,8,Mr
434,0,1,"Silvey, Mr. William Baird",0,50,1,0,55,0,5,Mr
435,1,1,"Carter, Miss. Lucile Polk",1,14,1,2,120,0,2,Miss
436,0,3,"Ford, Miss. Doolina Margaret ""Daisy""",1,21,2,2,34,0,8,Miss
437,1,2,"Richards, Mrs. Sidney (Emily Hocking)",1,24,2,3,18,0,8,Mrs
438,0,1,"Fortune, Mr. Mark",0,64,1,4,263,0,3,Mr
439,0,2,"Kvillner, Mr. Johan Henrik Johannesson",0,31,0,0,10,0,8,Mr
440,1,2,"Hart, Mrs. Benjamin (Esther Ada Bloomfield)",1,45,1,1,26,0,8,Mrs
441,0,3,"Hampe, Mr. Leon",0,20,0,0,9,0,8,Mr
442,0,3,"Petterson, Mr. Johan Emil",0,25,1,0,7,0,8,Mr
443,1,2,"Reynaldo, Ms. Encarnacion",1,28,0,0,13,0,8,Miss
444,1,3,"Johannesen-Bratthammer, Mr. Bernt",0,15,0,0,8,0,8,Mr
445,1,1,"Dodge, Master. Washington",0,4,0,2,81,0,1,Master
446,1,2,"Mellinger, Miss. Madeleine Violet",1,13,0,1,19,0,8,Miss
447,1,1,"Seward, Mr. Frederic Kimber",0,34,0,0,26,0,8,Mr
448,1,3,"Baclini, Miss. Marie Catherine",1,5,2,1,19,1,8,Miss
449,1,1,"Peuchen, Major. Arthur Godfrey",0,52,0,0,30,0,3,Rare
450,0,2,"West, Mr. Edwy Arthur",0,36,1,2,27,0,8,Mr
451,0,3,"Hagland, Mr. Ingvald Olai Olsen",0,33,1,0,19,0,8,Mr
452,0,1,"Foreman, Mr. Benjamin Laventall",0,30,0,0,27,1,3,Mr
453,1,1,"Goldenberg, Mr. Samuel L",0,49,1,0,89,1,3,Mr
454,0,3,"Peduzzi, Mr. Joseph",0,40,0,0,8,0,8,Mr
455,1,3,"Jalsevac, Mr. Ivan",0,29,0,0,7,1,8,Mr
456,0,1,"Millet, Mr. Francis Davis",0,65,0,0,26,0,5,Mr
457,1,1,"Kenyon, Mrs. Frederick R (Marion)",1,40,1,0,51,0,4,Mrs
458,1,2,"Toomey, Miss. Ellen",1,50,0,0,10,0,8,Miss
459,0,3,"O'Connor, Mr. Maurice",0,35,0,0,7,2,8,Mr
460,1,1,"Anderson, Mr. Harry",0,48,0,0,26,0,5,Mr
461,0,3,"Morley, Mr. William",0,34,0,0,8,0,8,Mr
462,0,1,"Gee, Mr. Arthur H",0,47,0,0,38,0,5,Mr
463,0,2,"Milling, Mr. Jacob Christian",0,48,0,0,13,0,8,Mr
464,0,3,"Maisner, Mr. Simon",0,15,0,0,8,0,8,Mr
465,0,3,"Goncalves, Mr. Manuel Estanslas",0,38,0,0,7,0,8,Mr
466,0,2,"Campbell, Mr. William",0,41,0,0,0,0,8,Mr
467,0,1,"Smart, Mr. John Montgomery",0,56,0,0,26,0,8,Mr
468,0,3,"Scanlan, Mr. James",0,37,0,0,7,2,8,Mr
469,1,3,"Baclini, Miss. Helene Barbara",1,0,2,1,19,1,8,Miss
470,0,3,"Keefe, Mr. Arthur",0,21,0,0,7,0,8,Mr
471,0,3,"Cacic, Mr. Luka",0,38,0,0,8,0,8,Mr
472,1,2,"West, Mrs. Edwy Arthur (Ada Mary Worth)",1,33,1,2,27,0,8,Mrs
473,1,2,"Jerwan, Mrs. Amin S (Marie Marthe Thuillard)",1,23,0,0,13,1,4,Mrs
474,0,3,"Strandberg, Miss. Ida Sofia",1,22,0,0,9,0,8,Miss
475,0,1,"Clifford, Mr. George Quincy",0,25,0,0,52,0,1,Mr
476,0,2,"Renouf, Mr. Peter Henry",0,34,1,0,21,0,8,Mr
477,0,3,"Braund, Mr. Lewis Richard",0,29,1,0,7,0,8,Mr
478,0,3,"Karlsson, Mr. Nils August",0,22,0,0,7,0,8,Mr
479,1,3,"Hirvonen, Miss. Hildur E",1,2,0,1,12,0,8,Miss
480,0,3,"Goodwin, Master. Harold Victor",0,9,5,2,46,0,8,Master
481,0,2,"Frost, Mr. Anthony Wood ""Archie""",0,33,0,0,0,0,8,Mr
482,0,3,"Rouse, Mr. Richard Henry",0,50,0,0,8,0,8,Mr
483,1,3,"Turkula, Mrs. (Hedwig)",1,63,0,0,9,0,8,Mrs
484,1,1,"Bishop, Mr. Dickinson H",0,25,1,0,91,1,2,Mr
485,0,3,"Lefebre, Miss. Jeannie",1,20,3,1,25,0,8,Miss
486,1,1,"Hoyt, Mrs. Frederick Maxfield (Jane Anne Forby)",1,35,1,0,90,0,3,Mrs
487,0,1,"Kent, Mr. Edward Austin",0,58,0,0,29,1,2,Mr
488,0,3,"Somerton, Mr. Francis William",0,30,0,0,8,0,8,Mr
489,1,3,"Coutts, Master. Eden Leslie ""Neville""",0,9,1,1,15,0,8,Master
490,0,3,"Hagland, Mr. Konrad Mathias Reiersen",0,38,1,0,19,0,8,Mr
491,0,3,"Windelov, Mr. Einar",0,21,0,0,7,0,8,Mr
492,0,1,"Molson, Mr. Harry Markland",0,55,0,0,30,0,3,Mr
493,0,1,"Artagaveytia, Mr. Ramon",0,71,0,0,49,1,8,Mr
494,0,3,"Stanley, Mr. Edward Roland",0,21,0,0,8,0,8,Mr
495,0,3,"Yousseff, Mr. Gerious",0,36,0,0,14,1,8,Mr
496,1,1,"Eustis, Miss. Elizabeth Mussey",1,54,1,0,78,1,4,Miss
497,0,3,"Shellard, Mr. Frederick William",0,40,0,0,15,0,8,Mr
498,0,1,"Allison, Mrs. Hudson J C (Bessie Waldo Daniels)",1,25,1,2,151,0,3,Mrs
499,0,3,"Svensson, Mr. Olof",0,24,0,0,7,0,8,Mr
500,0,3,"Calic, Mr. Petar",0,17,0,0,8,0,8,Mr
501,0,3,"Canavan, Miss. Mary",1,21,0,0,7,2,8,Miss
502,0,3,"O'Sullivan, Miss. Bridget Mary",1,20,0,0,7,2,8,Miss
503,0,3,"Laitinen, Miss. Kristina Sofia",1,37,0,0,9,0,8,Miss
504,1,1,"Maioni, Miss. Roberta",1,16,0,0,86,0,2,Miss
505,0,1,"Penasco y Castellana, Mr. Victor de Satode",0,18,1,0,108,1,3,Mr
506,1,2,"Quick, Mrs. Frederick Charles (Jane Richards)",1,33,0,2,26,0,8,Mrs
507,1,1,"Bradley, Mr. George (""George Arthur Brayton"")",0,32,0,0,26,0,8,Mr
508,0,3,"Olsen, Mr. Henry Margido",0,28,0,0,22,0,8,Mr
509,1,3,"Lang, Mr. Fang",0,26,0,0,56,0,8,Mr
510,1,3,"Daly, Mr. Eugene Patrick",0,29,0,0,7,2,8,Mr
511,0,3,"Webber, Mr. James",0,40,0,0,8,0,8,Mr
512,1,1,"McGough, Mr. James Robert",0,36,0,0,26,0,5,Mr
513,1,1,"Rothschild, Mrs. Martin (Elizabeth L. Barrett)",1,54,1,0,59,1,8,Mrs
514,0,3,"Coleff, Mr. Satio",0,24,0,0,7,0,8,Mr
515,0,1,"Walker, Mr. William Anderson",0,47,0,0,34,0,4,Mr
516,1,2,"Lemore, Mrs. (Amelia Milley)",1,34,0,0,10,0,6,Mrs
517,0,3,"Ryan, Mr. Patrick",0,23,0,0,24,2,8,Mr
518,1,2,"Angle, Mrs. William A (Florence ""Mary"" Agnes Hughes)",1,36,1,0,26,0,8,Mrs
519,0,3,"Pavlovic, Mr. Stefo",0,32,0,0,7,0,8,Mr
520,1,1,"Perreault, Miss. Anne",1,30,0,0,93,0,2,Miss
521,0,3,"Vovk, Mr. Janko",0,22,0,0,7,0,8,Mr
522,0,3,"Lahoud, Mr. Sarkis",0,23,0,0,7,1,8,Mr
523,1,1,"Hippach, Mrs. Louis Albert (Ida Sophia Fischer)",1,44,0,1,57,1,2,Mrs
524,0,3,"Kassem, Mr. Fared",0,18,0,0,7,1,8,Mr
525,0,3,"Farrell, Mr. James",0,40,0,0,7,2,8,Mr
526,1,2,"Ridsdale, Miss. Lucy",1,50,0,0,10,0,8,Miss
527,0,1,"Farthing, Mr. John",0,21,0,0,221,0,3,Mr
528,0,3,"Salonen, Mr. Johan Werner",0,39,0,0,7,0,8,Mr
529,0,2,"Hocking, Mr. Richard George",0,23,2,1,11,0,8,Mr
530,1,2,"Quick, Miss. Phyllis May",1,2,1,1,26,0,8,Miss
531,0,3,"Toufik, Mr. Nakli",0,42,0,0,7,1,8,Mr
532,0,3,"Elias, Mr. Joseph Jr",0,17,1,1,7,1,8,Mr
533,1,3,"Peter, Mrs. Catherine (Catherine Rizk)",1,34,0,2,22,1,8,Mrs
534,0,3,"Cacic, Miss. Marija",1,30,0,0,8,0,8,Miss
535,1,2,"Hart, Miss. Eva Miriam",1,7,0,2,26,0,8,Miss
536,0,1,"Butt, Major. Archibald Willingham",0,45,0,0,26,0,2,Rare
537,1,1,"LeRoy, Miss. Bertha",1,30,0,0,106,1,8,Miss
538,0,3,"Risien, Mr. Samuel Beard",0,23,0,0,14,0,8,Mr
539,1,1,"Frolicher, Miss. Hedwig Margaritha",1,22,0,2,49,1,2,Miss
540,1,1,"Crosby, Miss. Harriet R",1,36,0,2,71,0,2,Miss
541,0,3,"Andersson, Miss. Ingeborg Constanzia",1,9,4,2,31,0,8,Miss
542,0,3,"Andersson, Miss. Sigrid Elisabeth",1,11,4,2,31,0,8,Miss
543,1,2,"Beane, Mr. Edward",0,32,1,0,26,0,8,Mr
544,0,1,"Douglas, Mr. Walter Donald",0,50,1,0,106,1,3,Mr
545,0,1,"Nicholson, Mr. Arthur Ernest",0,64,0,0,26,0,8,Mr
546,1,2,"Beane, Mrs. Edward (Ethel Clarke)",1,19,1,0,26,0,8,Mrs
547,1,2,"Padro y Manent, Mr. Julian",0,19,0,0,13,1,8,Mr
548,0,3,"Goldsmith, Mr. Frank John",0,33,1,1,20,0,8,Mr
549,1,2,"Davies, Master. John Morgan Jr",0,8,1,1,36,0,8,Master
550,1,1,"Thayer, Mr. John Borland Jr",0,17,0,2,110,1,3,Mr
551,0,2,"Sharp, Mr. Percival James R",0,27,0,0,26,0,8,Mr
552,0,3,"O'Brien, Mr. Timothy",0,18,0,0,7,2,8,Mr
553,1,3,"Leeni, Mr. Fahim (""Philip Zenni"")",0,22,0,0,7,1,8,Mr
554,1,3,"Ohman, Miss. Velin",1,22,0,0,7,0,8,Miss
555,0,1,"Wright, Mr. George",0,62,0,0,26,0,8,Mr
556,1,1,"Duff Gordon, Lady. (Lucille Christiana Sutherland) (""Mrs Morgan"")",1,48,1,0,39,1,1,Rare
557,0,1,"Robbins, Mr. Victor",0,29,0,0,227,1,8,Mr
558,1,1,"Taussig, Mrs. Emil (Tillie Mandelbaum)",1,39,1,1,79,0,5,Mrs
559,1,3,"de Messemaeker, Mrs. Guillaume Joseph (Emma)",1,36,1,0,17,0,8,Mrs
560,0,3,"Morrow, Mr. Thomas Rowan",0,37,0,0,7,2,8,Mr
561,0,3,"Sivic, Mr. Husein",0,40,0,0,7,0,8,Mr
562,0,2,"Norman, Mr. Robert Douglas",0,28,0,0,13,0,8,Mr
563,0,3,"Simmons, Mr. John",0,28,0,0,8,0,8,Mr
564,0,3,"Meanwell, Miss. (Marion Ogden)",1,29,0,0,8,0,8,Miss
565,0,3,"Davies, Mr. Alfred J",0,24,2,0,24,0,8,Mr
566,0,3,"Stoytcheff, Mr. Ilia",0,19,0,0,7,0,8,Mr
567,0,3,"Palsson, Mrs. Nils (Alma Cornelia Berglund)",1,29,0,4,21,0,8,Mrs
568,0,3,"Doharr, Mr. Tannous",0,20,0,0,7,1,8,Mr
569,1,3,"Jonsson, Mr. Carl",0,32,0,0,7,0,8,Mr
570,1,2,"Harris, Mr. George",0,62,0,0,10,0,8,Mr
571,1,1,"Appleton, Mrs. Edward Dale (Charlotte Lamson)",1,53,2,0,51,0,3,Mrs
572,1,1,"Flynn, Mr. John Irwin (""Irving"")",0,36,0,0,26,0,5,Mr
573,1,3,"Kelly, Miss. Mary",1,39,0,0,7,2,8,Miss
574,0,3,"Rush, Mr. Alfred George John",0,16,0,0,8,0,8,Mr
575,0,3,"Patchett, Mr. George",0,19,0,0,14,0,8,Mr
576,1,2,"Garside, Miss. Ethel",1,34,0,0,13,0,8,Miss
577,1,1,"Silvey, Mrs. William Baird (Alice Munger)",1,39,1,0,55,0,5,Mrs
578,0,3,"Caram, Mrs. Joseph (Maria Elias)",1,20,1,0,14,1,8,Mrs
579,1,3,"Jussila, Mr. Eiriik",0,32,0,0,7,0,8,Mr
580,1,2,"Christy, Miss. Julie Rachel",1,25,1,1,30,0,8,Miss
581,1,1,"Thayer, Mrs. John Borland (Marian Longstreth Morris)",1,39,1,1,110,1,3,Mrs
582,0,2,"Downton, Mr. William James",0,54,0,0,26,0,8,Mr
583,0,1,"Ross, Mr. John Hugo",0,36,0,0,40,1,1,Mr
584,0,3,"Paulner, Mr. Uscher",0,33,0,0,8,1,8,Mr
585,1,1,"Taussig, Miss. Ruth",1,18,0,2,79,0,5,Miss
586,0,2,"Jarvis, Mr. John Denzil",0,47,0,0,15,0,8,Mr
587,1,1,"Frolicher-Stehli, Mr. Maxmillian",0,60,1,1,79,1,2,Mr
588,0,3,"Gilinski, Mr. Eliezer",0,22,0,0,8,0,8,Mr
589,0,3,"Murdlin, Mr. Joseph",0,30,0,0,8,0,8,Mr
590,0,3,"Rintamaki, Mr. Matti",0,35,0,0,7,0,8,Mr
591,1,1,"Stephenson, Mrs. Walter Bertram (Martha Eustis)",1,52,1,0,78,1,4,Mrs
592,0,3,"Elsbury, Mr. William James",0,47,0,0,7,0,8,Mr
593,0,3,"Bourke, Miss. Mary",1,15,0,2,7,2,8,Miss
594,0,2,"Chapman, Mr. John Henry",0,37,1,0,26,0,8,Mr
595,0,3,"Van Impe, Mr. Jean Baptiste",0,36,1,1,24,0,8,Mr
596,1,2,"Leitch, Miss. Jessie Wills",1,34,0,0,33,0,8,Miss
597,0,3,"Johnson, Mr. Alfred",0,49,0,0,0,0,8,Mr
598,0,3,"Boulos, Mr. Hanna",0,26,0,0,7,1,8,Mr
599,1,1,"Duff Gordon, Sir. Cosmo Edmund (""Mr Morgan"")",0,49,1,0,56,1,1,Rare
600,1,2,"Jacobsohn, Mrs. Sidney Samuel (Amy Frances Christy)",1,24,2,1,27,0,8,Mrs
601,0,3,"Slabenoff, Mr. Petco",0,36,0,0,7,0,8,Mr
602,0,1,"Harrington, Mr. Charles H",0,16,0,0,42,0,8,Mr
603,0,3,"Torber, Mr. Ernst William",0,44,0,0,8,0,8,Mr
604,1,1,"Homer, Mr. Harry (""Mr E Haven"")",0,35,0,0,26,1,8,Mr
605,0,3,"Lindell, Mr. Edvard Bengtsson",0,36,1,0,15,0,8,Mr
606,0,3,"Karaic, Mr. Milan",0,30,0,0,7,0,8,Mr
607,1,1,"Daniel, Mr. Robert Williams",0,27,0,0,30,0,8,Mr
608,1,2,"Laroche, Mrs. Joseph (Juliette Marie Louise Lafargue)",1,22,1,2,41,1,8,Mrs
609,1,1,"Shutes, Miss. Elizabeth W",1,40,0,0,153,0,3,Miss
610,0,3,"Andersson, Mrs. Anders Johan (Alfrida Konstantia Brogren)",1,39,1,5,31,0,8,Mrs
611,0,3,"Jardin, Mr. Jose Neto",0,32,0,0,7,0,8,Mr
612,1,3,"Murphy, Miss. Margaret Jane",1,34,1,0,15,2,8,Miss
613,0,3,"Horgan, Mr. John",0,35,0,0,7,2,8,Mr
614,0,3,"Brocklebank, Mr. William Alfred",0,35,0,0,8,0,8,Mr
615,1,2,"Herman, Miss. Alice",1,24,1,2,65,0,8,Miss
616,0,3,"Danbom, Mr. Ernst Gilbert",0,34,1,1,14,0,8,Mr
617,0,3,"Lobb, Mrs. William Arthur (Cordelia K Stanlick)",1,26,1,0,16,0,8,Mrs
618,1,2,"Becker, Miss. Marion Louise",1,4,2,1,39,0,6,Miss
619,0,2,"Gavey, Mr. Lawrence",0,26,0,0,10,0,8,Mr
620,0,3,"Yasbeck, Mr. Antoni",0,27,1,0,14,1,8,Mr
621,1,1,"Kimball, Mr. Edwin Nelson Jr",0,42,1,0,52,0,4,Mr
622,1,3,"Nakid, Mr. Sahid",0,20,1,1,15,1,8,Mr
623,0,3,"Hansen, Mr. Henry Damsgaard",0,21,0,0,7,0,8,Mr
624,0,3,"Bowen, Mr. David John ""Dai""",0,21,0,0,16,0,8,Mr
625,0,1,"Sutton, Mr. Frederick",0,61,0,0,32,0,4,Mr
626,0,2,"Kirkland, Rev. Charles Leonard",0,57,0,0,12,2,8,Rare
627,1,1,"Longley, Miss. Gretchen Fiske",1,21,0,0,77,0,4,Miss
628,0,3,"Bostandyeff, Mr. Guentcho",0,26,0,0,7,0,8,Mr
629,0,3,"O'Connell, Mr. Patrick D",0,35,0,0,7,2,8,Mr
630,1,1,"Barkworth, Mr. Algernon Henry Wilson",0,80,0,0,30,0,1,Mr
631,0,3,"Lundahl, Mr. Johan Svensson",0,51,0,0,7,0,8,Mr
632,1,1,"Stahelin-Maeglin, Dr. Max",0,32,0,0,30,1,2,Rare
633,0,1,"Parr, Mr. William Henry Marsh",0,25,0,0,0,0,8,Mr
634,0,3,"Skoog, Miss. Mabel",1,9,3,2,27,0,8,Miss
635,1,2,"Davis, Miss. Mary",1,28,0,0,13,0,8,Miss
636,0,3,"Leinonen, Mr. Antti Gustaf",0,32,0,0,7,0,8,Mr
637,0,2,"Collyer, Mr. Harvey",0,31,1,1,26,0,8,Mr
638,0,3,"Panula, Mrs. Juha (Maria Emilia Ojala)",1,41,0,5,39,0,8,Mrs
639,0,3,"Thorneycroft, Mr. Percival",0,37,1,0,16,0,8,Mr
640,0,3,"Jensen, Mr. Hans Peder",0,20,0,0,7,0,8,Mr
641,1,1,"Sagesser, Mlle. Emma",1,24,0,0,69,1,2,Miss
642,0,3,"Skoog, Miss. Margit Elizabeth",1,2,3,2,27,0,8,Miss
643,1,3,"Foo, Mr. Choong",0,25,0,0,56,0,8,Mr
644,1,3,"Baclini, Miss. Eugenie",1,0,2,1,19,1,8,Miss
645,1,1,"Harper, Mr. Henry Sleeper",0,48,1,0,76,1,4,Mr
646,0,3,"Cor, Mr. Liudevit",0,19,0,0,7,0,8,Mr
647,1,1,"Simonius-Blumer, Col. Oberst Alfons",0,56,0,0,35,1,1,Rare
648,0,3,"Willey, Mr. Edward",0,21,0,0,7,0,8,Mr
649,1,3,"Stanley, Miss. Amy Zillah Elsie",1,23,0,0,7,0,8,Miss
650,0,3,"Mitkoff, Mr. Mito",0,31,0,0,7,0,8,Mr
651,1,2,"Doling, Miss. Elsie",1,18,0,1,23,0,8,Miss
652,0,3,"Kalvik, Mr. Johannes Halvorsen",0,21,0,0,8,0,8,Mr
653,1,3,"O'Leary, Miss. Hanora ""Norah""",1,30,0,0,7,2,8,Miss
654,0,3,"Hegarty, Miss. Hanora ""Nora""",1,18,0,0,6,2,8,Miss
655,0,2,"Hickman, Mr. Leonard Mark",0,24,2,0,73,0,8,Mr
656,0,3,"Radeff, Mr. Alexander",0,30,0,0,7,0,8,Mr
657,0,3,"Bourke, Mrs. John (Catherine)",1,32,1,1,15,2,8,Mrs
658,0,2,"Eitemiller, Mr. George Floyd",0,23,0,0,13,0,8,Mr
659,0,1,"Newell, Mr. Arthur Webster",0,58,0,2,113,1,4,Mr
660,1,1,"Frauenthal, Dr. Henry William",0,50,2,0,133,0,8,Rare
661,0,3,"Badt, Mr. Mohamed",0,40,0,0,7,1,8,Mr
662,0,1,"Colley, Mr. Edward Pomeroy",0,47,0,0,25,0,5,Mr
663,0,3,"Coleff, Mr. Peju",0,36,0,0,7,0,8,Mr
664,1,3,"Lindqvist, Mr. Eino William",0,20,1,0,7,0,8,Mr
665,0,2,"Hickman, Mr. Lewis",0,32,2,0,73,0,8,Mr
666,0,2,"Butler, Mr. Reginald Fenton",0,25,0,0,13,0,8,Mr
667,0,3,"Rommetvedt, Mr. Knud Paust",0,30,0,0,7,0,8,Mr
668,0,3,"Cook, Mr. Jacob",0,43,0,0,8,0,8,Mr
669,1,1,"Taylor, Mrs. Elmer Zebley (Juliet Cummins Wright)",1,32,1,0,52,0,3,Mrs
670,1,2,"Brown, Mrs. Thomas William Solomon (Elizabeth Catherine Ford)",1,40,1,1,39,0,8,Mrs
671,0,1,"Davidson, Mr. Thornton",0,31,1,0,52,0,2,Mr
672,0,2,"Mitchell, Mr. Henry Michael",0,70,0,0,10,0,8,Mr
673,1,2,"Wilhelms, Mr. Charles",0,31,0,0,13,0,8,Mr
674,0,2,"Watson, Mr. Ennis Hastings",0,39,0,0,0,0,8,Mr
675,0,3,"Edvardsson, Mr. Gustaf Hjalmar",0,18,0,0,7,0,8,Mr
676,0,3,"Sawyer, Mr. Frederick Charles",0,24,0,0,8,0,8,Mr
677,1,3,"Turja, Miss. Anna Sofia",1,18,0,0,9,0,8,Miss
678,0,3,"Goodwin, Mrs. Frederick (Augusta Tyler)",1,43,1,6,46,0,8,Mrs
679,1,1,"Cardeza, Mr. Thomas Drake Martinez",0,36,0,1,512,1,2,Mr
680,0,3,"Peters, Miss. Katie",1,33,0,0,8,2,8,Miss
681,1,1,"Hassab, Mr. Hammad",0,27,0,0,76,1,4,Mr
682,0,3,"Olsvigen, Mr. Thor Anderson",0,20,0,0,9,0,8,Mr
683,0,3,"Goodwin, Mr. Charles Edward",0,14,5,2,46,0,8,Mr
684,0,2,"Brown, Mr. Thomas William Solomon",0,60,1,1,39,0,8,Mr
685,0,2,"Laroche, Mr. Joseph Philippe Lemercier",0,25,1,2,41,1,8,Mr
686,0,3,"Panula, Mr. Jaako Arnold",0,14,4,1,39,0,8,Mr
687,0,3,"Dakic, Mr. Branko",0,19,0,0,10,0,8,Mr
688,0,3,"Fischer, Mr. Eberhard Thelander",0,18,0,0,7,0,8,Mr
689,1,1,"Madill, Miss. Georgette Alexandra",1,15,0,1,211,0,2,Miss
690,1,1,"Dick, Mr. Albert Adrian",0,31,1,0,57,0,2,Mr
691,1,3,"Karun, Miss. Manca",1,4,0,1,13,1,8,Miss
692,1,3,"Lam, Mr. Ali",0,23,0,0,56,0,8,Mr
693,0,3,"Saad, Mr. Khalil",0,25,0,0,7,1,8,Mr
694,0,1,"Weir, Col. John",0,60,0,0,26,0,8,Rare
695,0,2,"Chapman, Mr. Charles Henry",0,52,0,0,13,0,8,Mr
696,0,3,"Kelly, Mr. James",0,44,0,0,8,0,8,Mr
697,1,3,"Mullens, Miss. Katherine ""Katie""",1,25,0,0,7,2,8,Miss
698,0,1,"Thayer, Mr. John Borland",0,49,1,1,110,1,3,Mr
699,0,3,"Humblen, Mr. Adolf Mathias Nicolai Olsen",0,42,0,0,7,0,6,Mr
700,1,1,"Astor, Mrs. John Jacob (Madeleine Talmadge Force)",1,18,1,0,227,1,3,Mrs
701,1,1,"Silverthorne, Mr. Spencer Victor",0,35,0,0,26,0,5,Mr
702,0,3,"Barbara, Miss. Saiide",1,18,0,1,14,1,8,Miss
703,0,3,"Gallagher, Mr. Martin",0,25,0,0,7,2,8,Mr
704,0,3,"Hansen, Mr. Henrik Juul",0,26,1,0,7,0,8,Mr
705,0,2,"Morley, Mr. Henry Samuel (""Mr Henry Marshall"")",0,39,0,0,26,0,8,Mr
706,1,2,"Kelly, Mrs. Florence ""Fannie""",1,45,0,0,13,0,8,Mrs
707,1,1,"Calderhead, Mr. Edward Pennington",0,42,0,0,26,0,5,Mr
708,1,1,"Cleaver, Miss. Alice",1,22,0,0,151,0,8,Miss
709,1,3,"Moubarek, Master. Halim Gonios (""William George"")",0,34,1,1,15,1,8,Master
710,1,1,"Mayne, Mlle. Berthe Antonine (""Mrs de Villiers"")",1,24,0,0,49,1,3,Miss
711,0,1,"Klaber, Mr. Herman",0,34,0,0,26,0,3,Mr
712,1,1,"Taylor, Mr. Elmer Zebley",0,48,1,0,52,0,3,Mr
713,0,3,"Larsson, Mr. August Viktor",0,29,0,0,9,0,8,Mr
714,0,2,"Greenberg, Mr. Samuel",0,52,0,0,13,0,8,Mr
715,0,3,"Soholt, Mr. Peter Andreas Lauritz Andersen",0,19,0,0,7,0,6,Mr
716,1,1,"Endres, Miss. Caroline Louise",1,38,0,0,227,1,3,Miss
717,1,2,"Troutt, Miss. Edwina Celia ""Winnie""",1,27,0,0,10,0,5,Miss
718,0,3,"McEvoy, Mr. Michael",0,40,0,0,15,2,8,Mr
719,0,3,"Johnson, Mr. Malkolm Joackim",0,33,0,0,7,0,8,Mr
720,1,2,"Harper, Miss. Annie Jessie ""Nina""",1,6,0,1,33,0,8,Miss
721,0,3,"Jensen, Mr. Svend Lauritz",0,17,1,0,7,0,8,Mr
722,0,2,"Gillespie, Mr. William Henry",0,34,0,0,13,0,8,Mr
723,0,2,"Hodges, Mr. Henry Price",0,50,0,0,13,0,8,Mr
724,1,1,"Chambers, Mr. Norman Campbell",0,27,1,0,53,0,5,Mr
725,0,3,"Oreskovic, Mr. Luka",0,20,0,0,8,0,8,Mr
726,1,2,"Renouf, Mrs. Peter Henry (Lillian Jefferys)",1,30,3,0,21,0,8,Mrs
727,1,3,"Mannion, Miss. Margareth",1,41,0,0,7,2,8,Miss
728,0,2,"Bryhl, Mr. Kurt Arnold Gottfrid",0,25,1,0,26,0,8,Mr
729,0,3,"Ilmakangas, Miss. Pieta Sofia",1,25,1,0,7,0,8,Miss
730,1,1,"Allen, Miss. Elisabeth Walton",1,29,0,0,211,0,2,Miss
731,0,3,"Hassan, Mr. Houssein G N",0,11,0,0,18,1,8,Mr
732,0,2,"Knight, Mr. Robert J",0,28,0,0,0,0,8,Mr
733,0,2,"Berriman, Mr. William John",0,23,0,0,13,0,8,Mr
734,0,2,"Troupiansky, Mr. Moses Aaron",0,23,0,0,13,0,8,Mr
735,0,3,"Williams, Mr. Leslie",0,28,0,0,16,0,8,Mr
736,0,3,"Ford, Mrs. Edward (Margaret Ann Watson)",1,48,1,3,34,0,8,Mrs
737,1,1,"Lesurer, Mr. Gustave J",0,35,0,0,512,1,2,Mr
738,0,3,"Ivanoff, Mr. Kanio",0,21,0,0,7,0,8,Mr
739,0,3,"Nankoff, Mr. Minko",0,23,0,0,7,0,8,Mr
740,1,1,"Hawksford, Mr. Walter James",0,22,0,0,30,0,4,Mr
741,0,1,"Cavendish, Mr. Tyrell William",0,36,1,0,78,0,3,Mr
742,1,1,"Ryerson, Miss. Susan Parker ""Suzette""",1,21,2,2,262,1,2,Miss
743,0,3,"McNamee, Mr. Neal",0,24,1,0,16,0,8,Mr
744,1,3,"Stranden, Mr. Juho",0,31,0,0,7,0,8,Mr
745,0,1,"Crosby, Capt. Edward Gifford",0,70,1,1,71,0,2,Rare
746,0,3,"Abbott, Mr. Rossmore Edward",0,16,1,1,20,0,8,Mr
747,1,2,"Sinkkonen, Miss. Anna",1,30,0,0,13,0,8,Miss
748,0,1,"Marvin, Mr. Daniel Warner",0,19,1,0,53,0,4,Mr
749,0,3,"Connaghton, Mr. Michael",0,31,0,0,7,2,8,Mr
750,1,2,"Wells, Miss. Joan",1,4,1,1,23,0,8,Miss
751,1,3,"Moor, Master. Meier",0,6,0,1,12,0,5,Master
752,0,3,"Vande Velde, Mr. Johannes Joseph",0,33,0,0,9,0,8,Mr
753,0,3,"Jonkoff, Mr. Lalio",0,23,0,0,7,0,8,Mr
754,1,2,"Herman, Mrs. Samuel (Jane Laver)",1,48,1,2,65,0,8,Mrs
755,1,2,"Hamalainen, Master. Viljo",0,0,1,1,14,0,8,Master
756,0,3,"Carlsson, Mr. August Sigfrid",0,28,0,0,7,0,8,Mr
757,0,2,"Bailey, Mr. Percy Andrew",0,18,0,0,11,0,8,Mr
758,0,3,"Theobald, Mr. Thomas Leonard",0,34,0,0,8,0,8,Mr
759,1,1,"Rothes, the Countess. of (Lucy Noel Martha Dyer-Edwards)",1,33,0,0,86,0,2,Rare
760,0,3,"Garfirth, Mr. John",0,33,0,0,14,0,8,Mr
761,0,3,"Nirva, Mr. Iisakki Antino Aijo",0,41,0,0,7,0,8,Mr
762,1,3,"Barah, Mr. Hanna Assi",0,20,0,0,7,1,8,Mr
763,1,1,"Carter, Mrs. William Ernest (Lucile Polk)",1,36,1,2,120,0,2,Mrs
764,0,3,"Eklund, Mr. Hans Linus",0,16,0,0,7,0,8,Mr
765,1,1,"Hogeboom, Mrs. John C (Anna Andrews)",1,51,1,0,77,0,4,Mrs
766,0,1,"Brewe, Dr. Arthur Jackson",0,34,0,0,39,1,8,Rare
767,0,3,"Mangan, Miss. Mary",1,30,0,0,7,2,8,Miss
768,0,3,"Moran, Mr. Daniel J",0,34,1,0,24,2,8,Mr
769,0,3,"Gronnestad, Mr. Daniel Danielsen",0,32,0,0,8,0,8,Mr
770,0,3,"Lievens, Mr. Rene Aime",0,24,0,0,9,0,8,Mr
771,0,3,"Jensen, Mr. Niels Peder",0,48,0,0,7,0,8,Mr
772,0,2,"Mack, Mrs. (Mary)",1,57,0,0,10,0,5,Mrs
773,0,3,"Elias, Mr. Dibo",0,16,0,0,7,1,8,Mr
774,1,2,"Hocking, Mrs. Elizabeth (Eliza Needs)",1,54,1,3,23,0,8,Mrs
775,0,3,"Myhrman, Mr. Pehr Fabian Oliver Malkolm",0,18,0,0,7,0,8,Mr
776,0,3,"Tobin, Mr. Roger",0,18,0,0,7,2,6,Mr
777,1,3,"Emanuel, Miss. Virginia Ethel",1,5,0,0,12,0,8,Miss
778,0,3,"Kilgannon, Mr. Thomas J",0,16,0,0,7,2,8,Mr
779,1,1,"Robert, Mrs. Edward Scott (Elisabeth Walton McMillan)",1,43,0,1,211,0,2,Mrs
780,1,3,"Ayoub, Miss. Banoura",1,13,0,0,7,1,8,Miss
781,1,1,"Dick, Mrs. Albert Adrian (Vera Gillespie)",1,17,1,0,57,0,2,Mrs
782,0,1,"Long, Mr. Milton Clyde",0,29,0,0,30,0,4,Mr
783,0,3,"Johnston, Mr. Andrew G",0,29,1,2,23,0,8,Mr
784,0,3,"Ali, Mr. William",0,25,0,0,7,0,8,Mr
785,0,3,"Harmer, Mr. Abraham (David Lishin)",0,25,0,0,7,0,8,Mr
786,1,3,"Sjoblom, Miss. Anna Sofia",1,18,0,0,7,0,8,Miss
787,0,3,"Rice, Master. George Hugh",0,8,4,1,29,2,8,Master
788,1,3,"Dean, Master. Bertram Vere",0,1,1,2,20,0,8,Master
789,0,1,"Guggenheim, Mr. Benjamin",0,46,0,0,79,1,2,Mr
790,0,3,"Keane, Mr. Andrew ""Andy""",0,24,0,0,7,2,8,Mr
791,0,2,"Gaskell, Mr. Alfred",0,16,0,0,26,0,8,Mr
792,0,3,"Sage, Miss. Stella Anna",1,23,8,2,69,0,8,Miss
793,0,1,"Hoyt, Mr. William Fisher",0,20,0,0,30,1,8,Mr
794,0,3,"Dantcheff, Mr. Ristiu",0,25,0,0,7,0,8,Mr
795,0,2,"Otter, Mr. Richard",0,39,0,0,13,0,8,Mr
796,1,1,"Leader, Dr. Alice (Farnham)",1,49,0,0,25,0,4,Rare
797,1,3,"Osman, Mrs. Mara",1,31,0,0,8,0,8,Mrs
798,0,3,"Ibrahim Shawah, Mr. Yousseff",0,30,0,0,7,1,8,Mr
799,0,3,"Van Impe, Mrs. Jean Baptiste (Rosalie Paula Govaert)",1,30,1,1,24,0,8,Mrs
800,0,2,"Ponesell, Mr. Martin",0,34,0,0,13,0,8,Mr
801,1,2,"Collyer, Mrs. Harvey (Charlotte Annie Tate)",1,31,1,1,26,0,8,Mrs
802,1,1,"Carter, Master. William Thornton II",0,11,1,2,120,0,2,Master
803,1,3,"Thomas, Master. Assad Alexander",0,0,0,1,8,1,8,Master
804,1,3,"Hedman, Mr. Oskar Arvid",0,27,0,0,6,0,8,Mr
805,0,3,"Johansson, Mr. Karl Johan",0,31,0,0,7,0,8,Mr
806,0,1,"Andrews, Mr. Thomas Jr",0,39,0,0,0,0,1,Mr
807,0,3,"Pettersson, Miss. Ellen Natalia",1,18,0,0,7,0,8,Miss
808,0,2,"Meyer, Mr. August",0,39,0,0,13,0,8,Mr
809,1,1,"Chambers, Mrs. Norman Campbell (Bertha Griggs)",1,33,1,0,53,0,5,Mrs
810,0,3,"Alexander, Mr. William",0,26,0,0,7,0,8,Mr
811,0,3,"Lester, Mr. James",0,39,0,0,24,0,8,Mr
812,0,2,"Slemen, Mr. Richard James",0,35,0,0,10,0,8,Mr
813,0,3,"Andersson, Miss. Ebba Iris Alfrida",1,6,4,2,31,0,8,Miss
814,0,3,"Tomlin, Mr. Ernest Portage",0,30,0,0,8,0,8,Mr
815,0,1,"Fry, Mr. Richard",0,21,0,0,0,0,2,Mr
816,0,3,"Heininen, Miss. Wendla Maria",1,23,0,0,7,0,8,Miss
817,0,2,"Mallet, Mr. Albert",0,31,1,1,37,1,8,Mr
818,0,3,"Holm, Mr. John Fredrik Alexander",0,43,0,0,6,0,8,Mr
819,0,3,"Skoog, Master. Karl Thorsten",0,10,3,2,27,0,8,Master
820,1,1,"Hays, Mrs. Charles Melville (Clara Jennings Gregg)",1,52,1,1,93,0,2,Mrs
821,1,3,"Lulic, Mr. Nikola",0,27,0,0,8,0,8,Mr
822,0,1,"Reuchlin, Jonkheer. John George",0,38,0,0,0,0,8,Rare
823,1,3,"Moor, Mrs. (Beila)",1,27,0,1,12,0,5,Mrs
824,0,3,"Panula, Master. Urho Abraham",0,2,4,1,39,0,8,Master
825,0,3,"Flynn, Mr. John",0,20,0,0,6,2,8,Mr
826,0,3,"Lam, Mr. Len",0,18,0,0,56,0,8,Mr
827,1,2,"Mallet, Master. Andre",0,1,0,2,37,1,8,Master
828,1,3,"McCormack, Mr. Thomas Joseph",0,31,0,0,7,2,8,Mr
829,1,1,"Stone, Mrs. George Nelson (Martha Evelyn)",1,62,0,0,80,0,2,Mrs
830,1,3,"Yasbeck, Mrs. Antoni (Selini Alexander)",1,15,1,0,14,1,8,Mrs
831,1,2,"Richards, Master. George Sibley",0,0,1,1,18,0,8,Master
832,0,3,"Saad, Mr. Amin",0,30,0,0,7,1,8,Mr
833,0,3,"Augustsson, Mr. Albert",0,23,0,0,7,0,8,Mr
834,0,3,"Allum, Mr. Owen George",0,18,0,0,8,0,8,Mr
835,1,1,"Compton, Miss. Sara Rebecca",1,39,1,1,83,1,5,Miss
836,0,3,"Pasic, Mr. Jakob",0,21,0,0,8,0,8,Mr
837,0,3,"Sirota, Mr. Maurice",0,19,0,0,8,0,8,Mr
838,1,3,"Chip, Mr. Chang",0,32,0,0,56,0,8,Mr
839,1,1,"Marechal, Mr. Pierre",0,33,0,0,29,1,3,Mr
840,0,3,"Alhomaki, Mr. Ilmari Rudolf",0,20,0,0,7,0,8,Mr
841,0,2,"Mudd, Mr. Thomas Charles",0,16,0,0,10,0,8,Mr
842,1,1,"Serepeca, Miss. Augusta",1,30,0,0,31,1,8,Miss
843,0,3,"Lemberopolous, Mr. Peter L",0,34,0,0,6,1,8,Mr
844,0,3,"Culumovic, Mr. Jeso",0,17,0,0,8,0,8,Mr
845,0,3,"Abbing, Mr. Anthony",0,42,0,0,7,0,8,Mr
846,0,3,"Sage, Mr. Douglas Bullen",0,30,8,2,69,0,8,Mr
847,0,3,"Markoff, Mr. Marin",0,35,0,0,7,1,8,Mr
848,0,2,"Harper, Rev. John",0,28,0,1,33,0,8,Rare
849,1,1,"Goldenberg, Mrs. Samuel L (Edwiga Grabowska)",1,32,1,0,89,1,3,Mrs
850,0,3,"Andersson, Master. Sigvard Harald Elias",0,4,4,2,31,0,8,Master
851,0,3,"Svensson, Mr. Johan",0,74,0,0,7,0,8,Mr
852,0,3,"Boulos, Miss. Nourelain",1,9,1,1,15,1,8,Miss
853,1,1,"Lines, Miss. Mary Conover",1,16,0,1,39,0,4,Miss
854,0,2,"Carter, Mrs. Ernest Courtenay (Lilian Hughes)",1,44,1,0,26,0,8,Mrs
855,1,3,"Aks, Mrs. Sam (Leah Rosen)",1,18,0,1,9,0,8,Mrs
856,1,1,"Wick, Mrs. George Dennick (Mary Hitchcock)",1,45,1,1,164,0,8,Mrs
857,1,1,"Daly, Mr. Peter Denis ",0,51,0,0,26,0,5,Mr
858,1,3,"Baclini, Mrs. Solomon (Latifa Qurban)",1,24,0,3,19,1,8,Mrs
859,0,3,"Razi, Mr. Raihed",0,34,0,0,7,1,8,Mr
860,0,3,"Hansen, Mr. Claus Peter",0,41,2,0,14,0,8,Mr
861,0,2,"Giles, Mr. Frederick Edward",0,21,1,0,11,0,8,Mr
862,1,1,"Swift, Mrs. Frederick Joel (Margaret Welles Barron)",1,48,0,0,25,0,4,Mrs
863,0,3,"Sage, Miss. Dorothy Edith ""Dolly""",1,20,8,2,69,0,8,Miss
864,0,2,"Gill, Mr. John William",0,24,0,0,13,0,8,Mr
865,1,2,"Bystrom, Mrs. (Karolina)",1,42,0,0,13,0,8,Mrs
866,1,2,"Duran y More, Miss. Asuncion",1,27,1,0,13,1,8,Miss
867,0,1,"Roebling, Mr. Washington Augustus II",0,31,0,0,50,0,1,Mr
868,0,3,"van Melkebeke, Mr. Philemon",0,38,0,0,9,0,8,Mr
869,1,3,"Johnson, Master. Harold Theodor",0,4,1,1,11,0,8,Master
870,0,3,"Balkic, Mr. Cerin",0,26,0,0,7,0,8,Mr
871,1,1,"Beckwith, Mrs. Richard Leonard (Sallie Monypeny)",1,47,1,1,52,0,4,Mrs
872,0,1,"Carlsson, Mr. Frans Olof",0,33,0,0,5,0,2,Mr
873,0,3,"Vander Cruyssen, Mr. Victor",0,47,0,0,9,0,8,Mr
874,1,2,"Abelson, Mrs. Samuel (Hannah Wizosky)",1,28,1,0,24,1,8,Mrs
875,1,3,"Najib, Miss. Adele Kiamie ""Jane""",1,15,0,0,7,1,8,Miss
876,0,3,"Gustafsson, Mr. Alfred Ossian",0,20,0,0,9,0,8,Mr
877,0,3,"Petroff, Mr. Nedelio",0,19,0,0,7,0,8,Mr
878,0,3,"Laleff, Mr. Kristo",0,32,0,0,7,0,8,Mr
879,1,1,"Potter, Mrs. Thomas Jr (Lily Alexenia Wilson)",1,56,0,1,83,1,3,Mrs
880,1,2,"Shelley, Mrs. William (Imanita Parrish Hall)",1,25,0,1,26,0,8,Mrs
881,0,3,"Markun, Mr. Johann",0,33,0,0,7,0,8,Mr
882,0,3,"Dahlberg, Miss. Gerda Ulrika",1,22,0,0,10,0,8,Miss
883,0,2,"Banfield, Mr. Frederick James",0,28,0,0,10,0,8,Mr
884,0,3,"Sutehall, Mr. Henry Jr",0,25,0,0,7,0,8,Mr
885,0,3,"Rice, Mrs. William (Margaret Norton)",1,39,0,5,29,2,8,Mrs
886,0,2,"Montvila, Rev. Juozas",0,27,0,0,13,0,8,Rare
887,1,1,"Graham, Miss. Margaret Edith",1,19,0,0,30,0,2,Miss
888,0,3,"Johnston, Miss. Catherine Helen ""Carrie""",1,41,1,2,23,0,8,Miss
889,1,1,"Behr, Mr. Karl Howell",0,26,0,0,30,1,3,Mr
890,0,3,"Dooley, Mr. Patrick",0,32,0,0,7,2,8,Mr
891,-1,3,"Kelly, Mr. James",0,34,0,0,7,2,8,Mr
892,-1,3,"Wilkes, Mrs. James (Ellen Needs)",1,47,1,0,7,0,8,Mrs
893,-1,2,"Myles, Mr. Thomas Francis",0,62,0,0,9,2,8,Mr
894,-1,3,"Wirz, Mr. Albert",0,27,0,0,8,0,8,Mr
895,-1,3,"Hirvonen, Mrs. Alexander (Helga E Lindqvist)",1,22,1,1,12,0,8,Mrs
896,-1,3,"Svensson, Mr. Johan Cervin",0,14,0,0,9,0,8,Mr
897,-1,3,"Connolly, Miss. Kate",1,30,0,0,7,2,8,Miss
898,-1,2,"Caldwell, Mr. Albert Francis",0,26,1,1,29,0,8,Mr
899,-1,3,"Abrahim, Mrs. Joseph (Sophie Halaut Easu)",1,18,0,0,7,1,8,Mrs
900,-1,3,"Davies, Mr. John Samuel",0,21,2,0,24,0,8,Mr
901,-1,3,"Ilieff, Mr. Ylio",0,15,0,0,7,0,8,Mr
902,-1,1,"Jones, Mr. Charles Cresson",0,46,0,0,26,0,8,Mr
903,-1,1,"Snyder, Mrs. John Pillsbury (Nelle Stevenson)",1,23,1,0,82,0,2,Mrs
904,-1,2,"Howard, Mr. Benjamin",0,63,1,0,26,0,8,Mr
905,-1,1,"Chaffee, Mrs. Herbert Fuller (Carrie Constance Toogood)",1,47,1,0,61,0,5,Mrs
906,-1,2,"del Carlo, Mrs. Sebastiano (Argenia Genovesi)",1,24,1,0,27,1,8,Mrs
907,-1,2,"Keane, Mr. Daniel",0,35,0,0,12,2,8,Mr
908,-1,3,"Assaf, Mr. Gerios",0,21,0,0,7,1,8,Mr
909,-1,3,"Ilmakangas, Miss. Ida Livija",1,27,1,0,7,0,8,Miss
910,-1,3,"Assaf Khalil, Mrs. Mariana (Miriam"")""",1,45,0,0,7,1,8,Mrs
911,-1,1,"Rothschild, Mr. Martin",0,55,1,0,59,1,8,Mr
912,-1,3,"Olsen, Master. Artur Karl",0,9,0,1,3,0,8,Master
913,-1,1,"Flegenheim, Mrs. Alfred (Antoinette)",1,24,0,0,31,0,8,Mrs
914,-1,1,"Williams, Mr. Richard Norris II",0,21,0,1,61,1,8,Mr
915,-1,1,"Ryerson, Mrs. Arthur Larned (Emily Maria Borie)",1,48,1,3,262,1,2,Mrs
916,-1,3,"Robins, Mr. Alexander A",0,50,1,0,14,0,8,Mr
917,-1,1,"Ostby, Miss. Helene Ragnhild",1,22,0,1,61,1,2,Miss
918,-1,3,"Daher, Mr. Shedid",0,22,0,0,7,1,8,Mr
919,-1,1,"Brady, Mr. John Bertram",0,41,0,0,30,0,1,Mr
920,-1,3,"Samaan, Mr. Elias",0,23,2,0,21,1,8,Mr
921,-1,2,"Louch, Mr. Charles Alexander",0,50,1,0,26,0,8,Mr
922,-1,2,"Jefferys, Mr. Clifford Thomas",0,24,2,0,31,0,8,Mr
923,-1,3,"Dean, Mrs. Bertram (Eva Georgetta Light)",1,33,1,2,20,0,8,Mrs
924,-1,3,"Johnston, Mrs. Andrew G (Elizabeth Lily"" Watson)""",1,34,1,2,23,0,8,Mrs
925,-1,1,"Mock, Mr. Philipp Edmund",0,30,1,0,57,1,3,Mr
926,-1,3,"Katavelas, Mr. Vassilios (Catavelas Vassilios"")""",0,18,0,0,7,1,8,Mr
927,-1,3,"Roth, Miss. Sarah A",1,36,0,0,8,0,8,Miss
928,-1,3,"Cacic, Miss. Manda",1,21,0,0,8,0,8,Miss
929,-1,3,"Sap, Mr. Julius",0,25,0,0,9,0,8,Mr
930,-1,3,"Hee, Mr. Ling",0,28,0,0,56,0,8,Mr
931,-1,3,"Karun, Mr. Franz",0,39,0,1,13,1,8,Mr
932,-1,1,"Franklin, Mr. Thomas Parham",0,35,0,0,26,0,4,Mr
933,-1,3,"Goldsmith, Mr. Nathan",0,41,0,0,7,0,8,Mr
934,-1,2,"Corbett, Mrs. Walter H (Irene Colvin)",1,30,0,0,13,0,8,Mrs
935,-1,1,"Kimball, Mrs. Edwin Nelson Jr (Gertrude Parsons)",1,45,1,0,52,0,4,Mrs
936,-1,3,"Peltomaki, Mr. Nikolai Johannes",0,25,0,0,7,0,8,Mr
937,-1,1,"Chevre, Mr. Paul Romaine",0,45,0,0,29,1,1,Mr
938,-1,3,"Shaughnessy, Mr. Patrick",0,30,0,0,7,2,8,Mr
939,-1,1,"Bucknell, Mrs. William Robert (Emma Eliza Ward)",1,60,0,0,76,1,4,Mrs
940,-1,3,"Coutts, Mrs. William (Winnie Minnie"" Treanor)""",1,36,0,2,15,0,8,Mrs
941,-1,1,"Smith, Mr. Lucien Philip",0,24,1,0,60,0,3,Mr
942,-1,2,"Pulbaum, Mr. Franz",0,27,0,0,15,1,8,Mr
943,-1,2,"Hocking, Miss. Ellen Nellie""""",1,20,2,1,23,0,8,Miss
944,-1,1,"Fortune, Miss. Ethel Flora",1,28,3,2,263,0,3,Miss
945,-1,2,"Mangiavacchi, Mr. Serafino Emilio",0,40,0,0,15,1,8,Mr
946,-1,3,"Rice, Master. Albert",0,10,4,1,29,2,8,Master
947,-1,3,"Cor, Mr. Bartol",0,35,0,0,7,0,8,Mr
948,-1,3,"Abelseth, Mr. Olaus Jorgensen",0,25,0,0,7,0,6,Mr
949,-1,3,"Davison, Mr. Thomas Henry",0,41,1,0,16,0,8,Mr
950,-1,1,"Chaudanson, Miss. Victorine",1,36,0,0,262,1,2,Miss
951,-1,3,"Dika, Mr. Mirko",0,17,0,0,7,0,8,Mr
952,-1,2,"McCrae, Mr. Arthur Gordon",0,32,0,0,13,0,8,Mr
953,-1,3,"Bjorklund, Mr. Ernst Herbert",0,18,0,0,7,0,8,Mr
954,-1,3,"Bradley, Miss. Bridget Delia",1,22,0,0,7,2,8,Miss
955,-1,1,"Ryerson, Master. John Borie",0,13,2,2,262,1,2,Master
956,-1,2,"Corey, Mrs. Percy C (Mary Phyllis Elizabeth Miller)",1,34,0,0,21,0,8,Mrs
957,-1,3,"Burns, Miss. Mary Delia",1,18,0,0,7,2,8,Miss
958,-1,1,"Moore, Mr. Clarence Bloomfield",0,47,0,0,42,0,8,Mr
959,-1,1,"Tucker, Mr. Gilbert Milligan Jr",0,31,0,0,28,1,3,Mr
960,-1,1,"Fortune, Mrs. Mark (Mary McDougald)",1,60,1,4,263,0,3,Mrs
961,-1,3,"Mulvihill, Miss. Bertha E",1,24,0,0,7,2,8,Miss
962,-1,3,"Minkoff, Mr. Lazar",0,21,0,0,7,0,8,Mr
963,-1,3,"Nieminen, Miss. Manta Josefina",1,29,0,0,7,0,8,Miss
964,-1,1,"Ovies y Rodriguez, Mr. Servando",0,28,0,0,27,1,4,Mr
965,-1,1,"Geiger, Miss. Amalie",1,35,0,0,211,1,3,Miss
966,-1,1,"Keeping, Mr. Edwin",0,32,0,0,211,1,3,Mr
967,-1,3,"Miles, Mr. Frank",0,37,0,0,8,0,8,Mr
968,-1,1,"Cornell, Mrs. Robert Clifford (Malvina Helen Lamson)",1,55,2,0,25,0,3,Mrs
969,-1,2,"Aldworth, Mr. Charles Augustus",0,30,0,0,13,0,8,Mr
970,-1,3,"Doyle, Miss. Elizabeth",1,24,0,0,7,2,8,Miss
971,-1,3,"Boulos, Master. Akar",0,6,1,1,15,1,8,Master
972,-1,1,"Straus, Mr. Isidor",0,67,1,0,221,0,3,Mr
973,-1,1,"Case, Mr. Howard Brown",0,49,0,0,26,0,8,Mr
974,-1,3,"Demetri, Mr. Marinko",0,41,0,0,7,0,8,Mr
975,-1,2,"Lamb, Mr. John Joseph",0,41,0,0,10,2,8,Mr
976,-1,3,"Khalil, Mr. Betros",0,34,1,0,14,1,8,Mr
977,-1,3,"Barry, Miss. Julia",1,27,0,0,7,2,8,Miss
978,-1,3,"Badman, Miss. Emily Louisa",1,18,0,0,8,0,8,Miss
979,-1,3,"O'Donoghue, Ms. Bridget",1,28,0,0,7,2,8,Miss
980,-1,2,"Wells, Master. Ralph Lester",0,2,1,1,23,0,8,Master
981,-1,3,"Dyker, Mrs. Adolf Fredrik (Anna Elisabeth Judith Andersson)",1,22,1,0,13,0,8,Mrs
982,-1,3,"Pedersen, Mr. Olaf",0,20,0,0,7,0,8,Mr
983,-1,1,"Davidson, Mrs. Thornton (Orian Hays)",1,27,1,2,52,0,2,Mrs
984,-1,3,"Guest, Mr. Robert",0,25,0,0,8,0,8,Mr
985,-1,1,"Birnbaum, Mr. Jakob",0,25,0,0,26,1,8,Mr
986,-1,3,"Tenglin, Mr. Gunnar Isidor",0,25,0,0,7,0,8,Mr
987,-1,1,"Cavendish, Mrs. Tyrell William (Julia Florence Siegel)",1,76,1,0,78,0,3,Mrs
988,-1,3,"Makinen, Mr. Kalle Edvard",0,29,0,0,7,0,8,Mr
989,-1,3,"Braf, Miss. Elin Ester Maria",1,20,0,0,7,0,8,Miss
990,-1,3,"Nancarrow, Mr. William Henry",0,33,0,0,8,0,8,Mr
991,-1,1,"Stengel, Mrs. Charles Emil Henry (Annie May Morris)",1,43,1,0,55,1,3,Mrs
992,-1,2,"Weisz, Mr. Leopold",0,27,1,0,26,0,8,Mr
993,-1,3,"Foley, Mr. William",0,38,0,0,7,2,8,Mr
994,-1,3,"Johansson Palmquist, Mr. Oskar Leander",0,26,0,0,7,0,8,Mr
995,-1,3,"Thomas, Mrs. Alexander (Thamine Thelma"")""",1,16,1,1,8,1,8,Mrs
996,-1,3,"Holthen, Mr. Johan Martin",0,28,0,0,22,0,8,Mr
997,-1,3,"Buckley, Mr. Daniel",0,21,0,0,7,2,8,Mr
998,-1,3,"Ryan, Mr. Edward",0,26,0,0,7,2,8,Mr
999,-1,3,"Willer, Mr. Aaron (Abi Weller"")""",0,17,0,0,8,0,8,Mr
1000,-1,2,"Swane, Mr. George",0,18,0,0,13,0,6,Mr
1001,-1,2,"Stanton, Mr. Samuel Ward",0,41,0,0,15,1,8,Mr
1002,-1,3,"Shine, Miss. Ellen Natalia",1,38,0,0,7,2,8,Miss
1003,-1,1,"Evans, Miss. Edith Corse",1,36,0,0,31,1,1,Miss
1004,-1,3,"Buckley, Miss. Katherine",1,18,0,0,7,2,8,Miss
1005,-1,1,"Straus, Mrs. Isidor (Rosalie Ida Blun)",1,63,1,0,221,0,3,Mrs
1006,-1,3,"Chronopoulos, Mr. Demetrios",0,18,1,0,14,1,8,Mr
1007,-1,3,"Thomas, Mr. John",0,32,0,0,6,1,8,Mr
1008,-1,3,"Sandstrom, Miss. Beatrice Irene",1,1,1,1,16,0,7,Miss
1009,-1,1,"Beattie, Mr. Thomson",0,36,0,0,75,1,3,Mr
1010,-1,2,"Chapman, Mrs. John Henry (Sara Elizabeth Lawry)",1,29,1,0,26,0,8,Mrs
1011,-1,2,"Watt, Miss. Bertha J",1,12,0,0,15,0,8,Miss
1012,-1,3,"Kiernan, Mr. John",0,24,1,0,7,2,8,Mr
1013,-1,1,"Schabert, Mrs. Paul (Emma Mock)",1,35,1,0,57,1,3,Mrs
1014,-1,3,"Carver, Mr. Alfred John",0,28,0,0,7,0,8,Mr
1015,-1,3,"Kennedy, Mr. John",0,15,0,0,7,2,8,Mr
1016,-1,3,"Cribb, Miss. Laura Alice",1,17,0,1,16,0,8,Miss
1017,-1,3,"Brobeck, Mr. Karl Rudolf",0,22,0,0,7,0,8,Mr
1018,-1,3,"McCoy, Miss. Alicia",1,19,2,0,23,2,8,Miss
1019,-1,2,"Bowenur, Mr. Solomon",0,42,0,0,13,0,8,Mr
1020,-1,3,"Petersen, Mr. Marius",0,24,0,0,8,0,8,Mr
1021,-1,3,"Spinner, Mr. Henry John",0,32,0,0,8,0,8,Mr
1022,-1,1,"Gracie, Col. Archibald IV",0,53,0,0,28,1,3,Rare
1023,-1,3,"Lefebre, Mrs. Frank (Frances)",1,25,0,4,25,0,8,Mrs
1024,-1,3,"Thomas, Mr. Charles P",0,32,1,0,6,1,8,Mr
1025,-1,3,"Dintcheff, Mr. Valtcho",0,43,0,0,7,0,8,Mr
1026,-1,3,"Carlsson, Mr. Carl Robert",0,24,0,0,7,0,8,Mr
1027,-1,3,"Zakarian, Mr. Mapriededer",0,26,0,0,7,1,8,Mr
1028,-1,2,"Schmidt, Mr. August",0,26,0,0,13,0,8,Mr
1029,-1,3,"Drapkin, Miss. Jennie",1,23,0,0,8,0,8,Miss
1030,-1,3,"Goodwin, Mr. Charles Frederick",0,40,1,6,46,0,8,Mr
1031,-1,3,"Goodwin, Miss. Jessie Allis",1,10,5,2,46,0,8,Miss
1032,-1,1,"Daniels, Miss. Sarah",1,33,0,0,151,0,8,Miss
1033,-1,1,"Ryerson, Mr. Arthur Larned",0,61,1,3,262,1,2,Mr
1034,-1,2,"Beauchamp, Mr. Henry James",0,28,0,0,26,0,8,Mr
1035,-1,1,"Lindeberg-Lind, Mr. Erik Gustaf (Mr Edward Lingrey"")""",0,42,0,0,26,0,8,Mr
1036,-1,3,"Vander Planke, Mr. Julius",0,31,3,0,18,0,8,Mr
1037,-1,1,"Hilliard, Mr. Herbert Henry",0,36,0,0,51,0,5,Mr
1038,-1,3,"Davies, Mr. Evan",0,22,0,0,8,0,8,Mr
1039,-1,1,"Crafton, Mr. John Bertram",0,18,0,0,26,0,8,Mr
1040,-1,2,"Lahtinen, Rev. William",0,30,1,1,26,0,8,Rare
1041,-1,1,"Earnshaw, Mrs. Boulton (Olive Potter)",1,23,0,1,83,1,3,Mrs
1042,-1,3,"Matinoff, Mr. Nicola",0,40,0,0,7,1,8,Mr
1043,-1,3,"Storey, Mr. Thomas",0,60,0,0,14,0,8,Mr
1044,-1,3,"Klasen, Mrs. (Hulda Kristina Eugenia Lofqvist)",1,36,0,2,12,0,8,Mrs
1045,-1,3,"Asplund, Master. Filip Oscar",0,13,4,2,31,0,8,Master
1046,-1,3,"Duquemin, Mr. Joseph",0,24,0,0,7,0,8,Mr
1047,-1,1,"Bird, Miss. Ellen",1,29,0,0,221,0,3,Miss
1048,-1,3,"Lundin, Miss. Olga Elida",1,23,0,0,7,0,8,Miss
1049,-1,1,"Borebank, Mr. John James",0,42,0,0,26,0,4,Mr
1050,-1,3,"Peacock, Mrs. Benjamin (Edith Nile)",1,26,0,2,13,0,8,Mrs
1051,-1,3,"Smyth, Miss. Julia",1,29,0,0,7,2,8,Miss
1052,-1,3,"Touma, Master. Georges Youssef",0,7,1,1,15,1,8,Master
1053,-1,2,"Wright, Miss. Marion",1,26,0,0,13,0,8,Miss
1054,-1,3,"Pearce, Mr. Ernest",0,23,0,0,7,0,8,Mr
1055,-1,2,"Peruschitz, Rev. Joseph Maria",0,41,0,0,13,0,8,Rare
1056,-1,3,"Kink-Heilmann, Mrs. Anton (Luise Heilmann)",1,26,1,1,22,0,8,Mrs
1057,-1,1,"Brandeis, Mr. Emil",0,48,0,0,50,1,2,Mr
1058,-1,3,"Ford, Mr. Edward Watson",0,18,2,2,34,0,8,Mr
1059,-1,1,"Cassebeer, Mrs. Henry Arthur Jr (Eleanor Genevieve Fosdick)",1,31,0,0,27,1,8,Mrs
1060,-1,3,"Hellstrom, Miss. Hilda Maria",1,22,0,0,8,0,8,Miss
1061,-1,3,"Lithman, Mr. Simon",0,33,0,0,7,0,8,Mr
1062,-1,3,"Zakarian, Mr. Ortin",0,27,0,0,7,1,8,Mr
1063,-1,3,"Dyker, Mr. Adolf Fredrik",0,23,1,0,13,0,8,Mr
1064,-1,3,"Torfa, Mr. Assad",0,36,0,0,7,1,8,Mr
1065,-1,3,"Asplund, Mr. Carl Oscar Vilhelm Gustafsson",0,40,1,5,31,0,8,Mr
1066,-1,2,"Brown, Miss. Edith Eileen",1,15,0,2,39,0,8,Miss
1067,-1,2,"Sincock, Miss. Maude",1,20,0,0,36,0,8,Miss
1068,-1,1,"Stengel, Mr. Charles Emil Henry",0,54,1,0,55,1,3,Mr
1069,-1,2,"Becker, Mrs. Allen Oliver (Nellie E Baumgardner)",1,36,0,3,39,0,6,Mrs
1070,-1,1,"Compton, Mrs. Alexander Taylor (Mary Eliza Ingersoll)",1,64,0,2,83,1,5,Mrs
1071,-1,2,"McCrie, Mr. James Matthew",0,30,0,0,13,0,8,Mr
1072,-1,1,"Compton, Mr. Alexander Taylor Jr",0,37,1,1,83,1,5,Mr
1073,-1,1,"Marvin, Mrs. Daniel Warner (Mary Graham Carmichael Farquarson)",1,18,1,0,53,0,4,Mrs
1074,-1,3,"Lane, Mr. Patrick",0,25,0,0,7,2,8,Mr
1075,-1,1,"Douglas, Mrs. Frederick Charles (Mary Helene Baxter)",1,27,1,1,247,1,2,Mrs
1076,-1,2,"Maybery, Mr. Frank Hubert",0,40,0,0,16,0,8,Mr
1077,-1,2,"Phillips, Miss. Alice Frances Louisa",1,21,0,1,21,0,8,Miss
1078,-1,3,"Davies, Mr. Joseph",0,17,2,0,8,0,8,Mr
1079,-1,3,"Sage, Miss. Ada",1,18,8,2,69,0,8,Miss
1080,-1,2,"Veal, Mr. James",0,40,0,0,13,0,8,Mr
1081,-1,2,"Angle, Mr. William A",0,34,1,0,26,0,8,Mr
1082,-1,1,"Salomon, Mr. Abraham L",0,29,0,0,26,0,8,Mr
1083,-1,3,"van Billiard, Master. Walter John",0,11,1,1,14,0,8,Master
1084,-1,2,"Lingane, Mr. John",0,61,0,0,12,2,8,Mr
1085,-1,2,"Drew, Master. Marshall Brines",0,8,0,2,32,0,8,Master
1086,-1,3,"Karlsson, Mr. Julius Konrad Eugen",0,33,0,0,7,0,8,Mr
1087,-1,1,"Spedden, Master. Robert Douglas",0,6,0,2,134,1,5,Master
1088,-1,3,"Nilsson, Miss. Berta Olivia",1,18,0,0,7,0,8,Miss
1089,-1,2,"Baimbrigge, Mr. Charles Robert",0,23,0,0,10,0,8,Mr
1090,-1,3,"Rasmussen, Mrs. (Lena Jacobsen Solvang)",1,40,0,0,8,0,8,Mrs
1091,-1,3,"Murphy, Miss. Nora",1,19,0,0,15,2,8,Miss
1092,-1,3,"Danbom, Master. Gilbert Sigvard Emanuel",0,0,0,2,14,0,8,Master
1093,-1,1,"Astor, Col. John Jacob",0,47,1,0,227,1,3,Rare
1094,-1,2,"Quick, Miss. Winifred Vera",1,8,1,1,26,0,8,Miss
1095,-1,2,"Andrew, Mr. Frank Thomas",0,25,0,0,10,0,8,Mr
1096,-1,1,"Omont, Mr. Alfred Fernand",0,41,0,0,25,1,8,Mr
1097,-1,3,"McGowan, Miss. Katherine",1,35,0,0,7,2,8,Miss
1098,-1,2,"Collett, Mr. Sidney C Stuart",0,24,0,0,10,0,8,Mr
1099,-1,1,"Rosenbaum, Miss. Edith Louise",1,33,0,0,27,1,1,Miss
1100,-1,3,"Delalic, Mr. Redjo",0,25,0,0,7,0,8,Mr
1101,-1,3,"Andersen, Mr. Albert Karvin",0,32,0,0,22,0,8,Mr
1102,-1,3,"Finoli, Mr. Luigi",0,28,0,0,7,0,8,Mr
1103,-1,2,"Deacon, Mr. Percy William",0,17,0,0,73,0,8,Mr
1104,-1,2,"Howard, Mrs. Benjamin (Ellen Truelove Arman)",1,60,1,0,26,0,8,Mrs
1105,-1,3,"Andersson, Miss. Ida Augusta Margareta",1,38,4,2,7,0,8,Miss
1106,-1,1,"Head, Mr. Christopher",0,42,0,0,42,0,2,Mr
1107,-1,3,"Mahon, Miss. Bridget Delia",1,23,0,0,7,2,8,Miss
1108,-1,1,"Wick, Mr. George Dennick",0,57,1,1,164,0,8,Mr
1109,-1,1,"Widener, Mrs. George Dunton (Eleanor Elkins)",1,50,1,1,211,1,3,Mrs
1110,-1,3,"Thomson, Mr. Alexander Morrison",0,20,0,0,8,0,8,Mr
1111,-1,2,"Duran y More, Miss. Florentina",1,30,1,0,13,1,8,Miss
1112,-1,3,"Reynolds, Mr. Harold J",0,21,0,0,8,0,8,Mr
1113,-1,2,"Cook, Mrs. (Selena Rogers)",1,22,0,0,10,0,6,Mrs
1114,-1,3,"Karlsson, Mr. Einar Gervasius",0,21,0,0,7,0,8,Mr
1115,-1,1,"Candee, Mrs. Edward (Helen Churchill Hungerford)",1,53,0,0,27,1,8,Mrs
1116,-1,3,"Moubarek, Mrs. George (Omine Amenia"" Alexander)""",1,16,0,2,15,1,8,Mrs
1117,-1,3,"Asplund, Mr. Johan Charles",0,23,0,0,7,0,8,Mr
1118,-1,3,"McNeill, Miss. Bridget",1,34,0,0,7,2,8,Miss
1119,-1,3,"Everett, Mr. Thomas James",0,40,0,0,15,0,8,Mr
1120,-1,2,"Hocking, Mr. Samuel James Metcalfe",0,36,0,0,13,0,8,Mr
1121,-1,2,"Sweet, Mr. George Frederick",0,14,0,0,65,0,8,Mr
1122,-1,1,"Willard, Miss. Constance",1,21,0,0,26,0,8,Miss
1123,-1,3,"Wiklund, Mr. Karl Johan",0,21,1,0,6,0,8,Mr
1124,-1,3,"Linehan, Mr. Michael",0,27,0,0,7,2,8,Mr
1125,-1,1,"Cumings, Mr. John Bradley",0,39,1,0,71,1,3,Mr
1126,-1,3,"Vendel, Mr. Olof Edvin",0,20,0,0,7,0,8,Mr
1127,-1,1,"Warren, Mr. Frank Manley",0,64,1,0,75,1,4,Mr
1128,-1,3,"Baccos, Mr. Raffull",0,20,0,0,7,1,8,Mr
1129,-1,2,"Hiltunen, Miss. Marta",1,18,1,1,13,0,8,Miss
1130,-1,1,"Douglas, Mrs. Walter Donald (Mahala Dutton)",1,48,1,0,106,1,3,Mrs
1131,-1,1,"Lindstrom, Mrs. Carl Johan (Sigrid Posse)",1,55,0,0,27,1,8,Mrs
1132,-1,2,"Christy, Mrs. (Alice Frances)",1,45,0,2,30,0,8,Mrs
1133,-1,1,"Spedden, Mr. Frederic Oakley",0,45,1,1,134,1,5,Mr
1134,-1,3,"Hyman, Mr. Abraham",0,29,0,0,7,0,8,Mr
1135,-1,3,"Johnston, Master. William Arthur Willie""""",0,22,1,2,23,0,8,Master
1136,-1,1,"Kenyon, Mr. Frederick R",0,41,1,0,51,0,4,Mr
1137,-1,2,"Karnes, Mrs. J Frank (Claire Bennett)",1,22,0,0,21,0,8,Mrs
1138,-1,2,"Drew, Mr. James Vivian",0,42,1,1,32,0,8,Mr
1139,-1,2,"Hold, Mrs. Stephen (Annie Margaret Hill)",1,29,1,0,26,0,8,Mrs
1140,-1,3,"Khalil, Mrs. Betros (Zahie Maria"" Elias)""",1,41,1,0,14,1,8,Mrs
1141,-1,2,"West, Miss. Barbara J",1,0,1,2,27,0,8,Miss
1142,-1,3,"Abrahamsson, Mr. Abraham August Johannes",0,20,0,0,7,0,8,Mr
1143,-1,1,"Clark, Mr. Walter Miller",0,27,1,0,136,1,3,Mr
1144,-1,3,"Salander, Mr. Karl Johan",0,24,0,0,9,0,8,Mr
1145,-1,3,"Wenzel, Mr. Linhart",0,32,0,0,9,0,8,Mr
1146,-1,3,"MacKay, Mr. George William",0,33,0,0,7,0,8,Mr
1147,-1,3,"Mahon, Mr. John",0,20,0,0,7,2,8,Mr
1148,-1,3,"Niklasson, Mr. Samuel",0,28,0,0,8,0,8,Mr
1149,-1,2,"Bentham, Miss. Lilian W",1,19,0,0,13,0,8,Miss
1150,-1,3,"Midtsjo, Mr. Karl Albert",0,21,0,0,7,0,8,Mr
1151,-1,3,"de Messemaeker, Mr. Guillaume Joseph",0,36,1,0,17,0,8,Mr
1152,-1,3,"Nilsson, Mr. August Ferdinand",0,21,0,0,7,0,8,Mr
1153,-1,2,"Wells, Mrs. Arthur Henry (Addie"" Dart Trevaskis)""",1,29,0,2,23,0,8,Mrs
1154,-1,3,"Klasen, Miss. Gertrud Emilia",1,1,1,1,12,0,8,Miss
1155,-1,2,"Portaluppi, Mr. Emilio Ilario Giuseppe",0,30,0,0,12,1,8,Mr
1156,-1,3,"Lyntakoff, Mr. Stanko",0,37,0,0,7,0,8,Mr
1157,-1,1,"Chisholm, Mr. Roderick Robert Crispin",0,39,0,0,0,0,8,Mr
1158,-1,3,"Warren, Mr. Charles William",0,26,0,0,7,0,8,Mr
1159,-1,3,"Howard, Miss. May Elizabeth",1,23,0,0,8,0,8,Miss
1160,-1,3,"Pokrnic, Mr. Mate",0,17,0,0,8,0,8,Mr
1161,-1,1,"McCaffry, Mr. Thomas Francis",0,46,0,0,75,1,3,Mr
1162,-1,3,"Fox, Mr. Patrick",0,39,0,0,7,2,8,Mr
1163,-1,1,"Clark, Mrs. Walter Miller (Virginia McDowell)",1,26,1,0,136,1,3,Mrs
1164,-1,3,"Lennon, Miss. Mary",1,25,1,0,15,2,8,Miss
1165,-1,3,"Saade, Mr. Jean Nassr",0,31,0,0,7,1,8,Mr
1166,-1,2,"Bryhl, Miss. Dagmar Jenny Ingeborg ",1,20,1,0,26,0,8,Miss
1167,-1,2,"Parker, Mr. Clifford Richard",0,28,0,0,10,0,8,Mr
1168,-1,2,"Faunthorpe, Mr. Harry",0,40,1,0,26,0,8,Mr
1169,-1,2,"Ware, Mr. John James",0,30,1,0,21,0,8,Mr
1170,-1,2,"Oxenham, Mr. Percy Thomas",0,22,0,0,10,0,8,Mr
1171,-1,3,"Oreskovic, Miss. Jelka",1,23,0,0,8,0,8,Miss
1172,-1,3,"Peacock, Master. Alfred Edward",0,0,1,1,13,0,8,Master
1173,-1,3,"Fleming, Miss. Honora",1,25,0,0,7,2,8,Miss
1174,-1,3,"Touma, Miss. Maria Youssef",1,9,1,1,15,1,8,Miss
1175,-1,3,"Rosblom, Miss. Salli Helena",1,2,1,1,20,0,8,Miss
1176,-1,3,"Dennis, Mr. William",0,36,0,0,7,0,8,Mr
1177,-1,3,"Franklin, Mr. Charles (Charles Fardon)",0,23,0,0,7,0,8,Mr
1178,-1,1,"Snyder, Mr. John Pillsbury",0,24,1,0,82,0,2,Mr
1179,-1,3,"Mardirosian, Mr. Sarkis",0,33,0,0,7,1,6,Mr
1180,-1,3,"Ford, Mr. Arthur",0,35,0,0,8,0,8,Mr
1181,-1,1,"Rheims, Mr. George Alexander Lucien",0,31,0,0,39,0,8,Mr
1182,-1,3,"Daly, Miss. Margaret Marcella Maggie""""",1,30,0,0,6,2,8,Miss
1183,-1,3,"Nasr, Mr. Mustafa",0,32,0,0,7,1,8,Mr
1184,-1,1,"Dodge, Dr. Washington",0,53,1,1,81,0,1,Rare
1185,-1,3,"Wittevrongel, Mr. Camille",0,36,0,0,9,0,8,Mr
1186,-1,3,"Angheloff, Mr. Minko",0,26,0,0,7,0,8,Mr
1187,-1,2,"Laroche, Miss. Louise",1,1,1,2,41,1,8,Miss
1188,-1,3,"Samaan, Mr. Hanna",0,31,2,0,21,1,8,Mr
1189,-1,1,"Loring, Mr. Joseph Holland",0,30,0,0,45,0,8,Mr
1190,-1,3,"Johansson, Mr. Nils",0,29,0,0,7,0,8,Mr
1191,-1,3,"Olsson, Mr. Oscar Wilhelm",0,32,0,0,7,0,8,Mr
1192,-1,2,"Malachard, Mr. Noel",0,31,0,0,15,1,4,Mr
1193,-1,2,"Phillips, Mr. Escott Robert",0,43,0,1,21,0,8,Mr
1194,-1,3,"Pokrnic, Mr. Tome",0,24,0,0,8,0,8,Mr
1195,-1,3,"McCarthy, Miss. Catherine Katie""""",1,27,0,0,7,2,8,Miss
1196,-1,1,"Crosby, Mrs. Edward Gifford (Catherine Elizabeth Halstead)",1,64,1,1,26,0,2,Mrs
1197,-1,1,"Allison, Mr. Hudson Joshua Creighton",0,30,1,2,151,0,3,Mr
1198,-1,3,"Aks, Master. Philip Frank",0,0,0,1,9,0,8,Master
1199,-1,1,"Hays, Mr. Charles Melville",0,55,1,1,93,0,2,Mr
1200,-1,3,"Hansen, Mrs. Claus Peter (Jennie L Howard)",1,45,1,0,14,0,8,Mrs
1201,-1,3,"Cacic, Mr. Jego Grga",0,18,0,0,8,0,8,Mr
1202,-1,3,"Vartanian, Mr. David",0,22,0,0,7,1,8,Mr
1203,-1,3,"Sadowitz, Mr. Harry",0,22,0,0,7,0,8,Mr
1204,-1,3,"Carr, Miss. Jeannie",1,37,0,0,7,2,8,Miss
1205,-1,1,"White, Mrs. John Stuart (Ella Holmes)",1,55,0,0,135,1,3,Mrs
1206,-1,3,"Hagardon, Miss. Kate",1,17,0,0,7,2,8,Miss
1207,-1,1,"Spencer, Mr. William Augustus",0,57,1,0,146,1,2,Mr
1208,-1,2,"Rogers, Mr. Reginald Harry",0,19,0,0,10,0,8,Mr
1209,-1,3,"Jonsson, Mr. Nils Hilding",0,27,0,0,7,0,8,Mr
1210,-1,2,"Jefferys, Mr. Ernest Wilfred",0,22,2,0,31,0,8,Mr
1211,-1,3,"Andersson, Mr. Johan Samuel",0,26,0,0,7,0,8,Mr
1212,-1,3,"Krekorian, Mr. Neshan",0,25,0,0,7,1,6,Mr
1213,-1,2,"Nesson, Mr. Israel",0,26,0,0,13,0,6,Mr
1214,-1,1,"Rowe, Mr. Alfred G",0,33,0,0,26,0,8,Mr
1215,-1,1,"Kreuchen, Miss. Emilie",1,39,0,0,211,0,8,Miss
1216,-1,3,"Assam, Mr. Ali",0,23,0,0,7,0,8,Mr
1217,-1,2,"Becker, Miss. Ruth Elizabeth",1,12,2,1,39,0,6,Miss
1218,-1,1,"Rosenshine, Mr. George (Mr George Thorne"")""",0,46,0,0,79,1,8,Mr
1219,-1,2,"Clarke, Mr. Charles Valentine",0,29,1,0,26,0,8,Mr
1220,-1,2,"Enander, Mr. Ingvar",0,21,0,0,13,0,8,Mr
1221,-1,2,"Davies, Mrs. John Morgan (Elizabeth Agnes Mary White) ",1,48,0,2,36,0,8,Mrs
1222,-1,1,"Dulles, Mr. William Crothers",0,39,0,0,29,1,1,Mr
1223,-1,3,"Thomas, Mr. Tannous",0,16,0,0,7,1,8,Mr
1224,-1,3,"Nakid, Mrs. Said (Waika Mary"" Mowad)""",1,19,1,1,15,1,8,Mrs
1225,-1,3,"Cor, Mr. Ivan",0,27,0,0,7,0,8,Mr
1226,-1,1,"Maguire, Mr. John Edward",0,30,0,0,26,0,3,Mr
1227,-1,2,"de Brito, Mr. Jose Joaquim",0,32,0,0,13,0,8,Mr
1228,-1,3,"Elias, Mr. Joseph",0,39,0,2,7,1,8,Mr
1229,-1,2,"Denbury, Mr. Herbert",0,25,0,0,31,0,8,Mr
1230,-1,3,"Betros, Master. Seman",0,18,0,0,7,1,8,Master
1231,-1,2,"Fillbrook, Mr. Joseph Charles",0,18,0,0,10,0,8,Mr
1232,-1,3,"Lundstrom, Mr. Thure Edvin",0,32,0,0,7,0,8,Mr
1233,-1,3,"Sage, Mr. John George",0,34,1,9,69,0,8,Mr
1234,-1,1,"Cardeza, Mrs. James Warburton Martinez (Charlotte Wardle Drake)",1,58,0,1,512,1,2,Mrs
1235,-1,3,"van Billiard, Master. James William",0,29,1,1,14,0,8,Master
1236,-1,3,"Abelseth, Miss. Karen Marie",1,16,0,0,7,0,8,Miss
1237,-1,2,"Botsford, Mr. William Hull",0,26,0,0,13,0,8,Mr
1238,-1,3,"Whabee, Mrs. George Joseph (Shawneene Abi-Saab)",1,38,0,0,7,1,8,Mrs
1239,-1,2,"Giles, Mr. Ralph",0,24,0,0,13,0,8,Mr
1240,-1,2,"Walcroft, Miss. Nellie",1,31,0,0,21,0,8,Miss
1241,-1,1,"Greenfield, Mrs. Leo David (Blanche Strouse)",1,45,0,1,63,1,4,Mrs
1242,-1,2,"Stokes, Mr. Philip Joseph",0,25,0,0,10,0,8,Mr
1243,-1,2,"Dibden, Mr. William",0,18,0,0,73,0,8,Mr
1244,-1,2,"Herman, Mr. Samuel",0,49,1,2,65,0,8,Mr
1245,-1,3,"Dean, Miss. Elizabeth Gladys Millvina""""",1,0,1,2,20,0,8,Miss
1246,-1,1,"Julian, Mr. Henry Forbes",0,50,0,0,26,0,5,Mr
1247,-1,1,"Brown, Mrs. John Murray (Caroline Lane Lamson)",1,59,2,0,51,0,3,Mrs
1248,-1,3,"Lockyer, Mr. Edward",0,22,0,0,7,0,8,Mr
1249,-1,3,"O'Keefe, Mr. Patrick",0,18,0,0,7,2,8,Mr
1250,-1,3,"Lindell, Mrs. Edvard Bengtsson (Elin Gerda Persson)",1,30,1,0,15,0,8,Mrs
1251,-1,3,"Sage, Master. William Henry",0,14,8,2,69,0,8,Master
1252,-1,2,"Mallet, Mrs. Albert (Antoinette Magnin)",1,24,1,1,37,1,8,Mrs
1253,-1,2,"Ware, Mrs. John James (Florence Louise Long)",1,31,0,0,21,0,8,Mrs
1254,-1,3,"Strilic, Mr. Ivan",0,27,0,0,8,0,8,Mr
1255,-1,1,"Harder, Mrs. George Achilles (Dorothy Annan)",1,25,1,0,55,1,5,Mrs
1256,-1,3,"Sage, Mrs. John (Annie Bullen)",1,33,1,9,69,0,8,Mrs
1257,-1,3,"Caram, Mr. Joseph",0,33,1,0,14,1,8,Mr
1258,-1,3,"Riihivouri, Miss. Susanna Juhantytar Sanni""""",1,22,0,0,39,0,8,Miss
1259,-1,1,"Gibson, Mrs. Leonard (Pauline C Boeson)",1,45,0,1,59,1,8,Mrs
1260,-1,2,"Pallas y Castello, Mr. Emilio",0,29,0,0,13,1,8,Mr
1261,-1,2,"Giles, Mr. Edgar",0,21,1,0,11,0,8,Mr
1262,-1,1,"Wilson, Miss. Helen Alice",1,31,0,0,134,1,5,Miss
1263,-1,1,"Ismay, Mr. Joseph Bruce",0,49,0,0,0,0,2,Mr
1264,-1,2,"Harbeck, Mr. William H",0,44,0,0,13,0,8,Mr
1265,-1,1,"Dodge, Mrs. Washington (Ruth Vidaver)",1,54,1,1,81,0,1,Mrs
1266,-1,1,"Bowen, Miss. Grace Scott",1,45,0,0,262,1,8,Miss
1267,-1,3,"Kink, Miss. Maria",1,22,2,0,8,0,8,Miss
1268,-1,2,"Cotterill, Mr. Henry Harry""""",0,21,0,0,11,0,8,Mr
1269,-1,1,"Hipkins, Mr. William Edward",0,55,0,0,50,0,3,Mr
1270,-1,3,"Asplund, Master. Carl Edgar",0,5,4,2,31,0,8,Master
1271,-1,3,"O'Connor, Mr. Patrick",0,17,0,0,7,2,8,Mr
1272,-1,3,"Foley, Mr. Joseph",0,26,0,0,7,2,8,Mr
1273,-1,3,"Risien, Mrs. Samuel (Emma)",1,32,0,0,14,0,8,Mrs
1274,-1,3,"McNamee, Mrs. Neal (Eileen O'Leary)",1,19,1,0,16,0,8,Mrs
1275,-1,2,"Wheeler, Mr. Edwin Frederick""""",0,24,0,0,12,0,8,Mr
1276,-1,2,"Herman, Miss. Kate",1,24,1,2,65,0,8,Miss
1277,-1,3,"Aronsson, Mr. Ernst Axel Algot",0,24,0,0,7,0,8,Mr
1278,-1,2,"Ashby, Mr. John",0,57,0,0,13,0,8,Mr
1279,-1,3,"Canavan, Mr. Patrick",0,21,0,0,7,2,8,Mr
1280,-1,3,"Palsson, Master. Paul Folke",0,6,3,1,21,0,8,Master
1281,-1,1,"Payne, Mr. Vivian Ponsonby",0,23,0,0,93,0,2,Mr
1282,-1,1,"Lines, Mrs. Ernest H (Elizabeth Lindsey James)",1,51,0,1,39,0,4,Mrs
1283,-1,3,"Abbott, Master. Eugene Joseph",0,13,0,2,20,0,8,Master
1284,-1,2,"Gilbert, Mr. William",0,47,0,0,10,0,8,Mr
1285,-1,3,"Kink-Heilmann, Mr. Anton",0,29,3,1,22,0,8,Mr
1286,-1,1,"Smith, Mrs. Lucien Philip (Mary Eloise Hughes)",1,18,1,0,60,0,3,Mrs
1287,-1,3,"Colbert, Mr. Patrick",0,24,0,0,7,2,8,Mr
1288,-1,1,"Frolicher-Stehli, Mrs. Maxmillian (Margaretha Emerentia Stehli)",1,48,1,1,79,1,2,Mrs
1289,-1,3,"Larsson-Rondberg, Mr. Edvard A",0,22,0,0,7,0,8,Mr
1290,-1,3,"Conlon, Mr. Thomas Henry",0,31,0,0,7,2,8,Mr
1291,-1,1,"Bonnell, Miss. Caroline",1,30,0,0,164,0,3,Miss
1292,-1,2,"Gale, Mr. Harry",0,38,1,0,21,0,8,Mr
1293,-1,1,"Gibson, Miss. Dorothy Winifred",1,22,0,1,59,1,8,Miss
1294,-1,1,"Carrau, Mr. Jose Pedro",0,17,0,0,47,0,8,Mr
1295,-1,1,"Frauenthal, Mr. Isaac Gerald",0,43,1,0,27,1,4,Mr
1296,-1,2,"Nourney, Mr. Alfred (Baron von Drachstedt"")""",0,20,0,0,13,1,4,Mr
1297,-1,2,"Ware, Mr. William Jeffery",0,23,1,0,10,0,8,Mr
1298,-1,1,"Widener, Mr. George Dunton",0,50,1,1,211,1,3,Mr
1299,-1,3,"Riordan, Miss. Johanna Hannah""""",1,18,0,0,7,2,8,Miss
1300,-1,3,"Peacock, Miss. Treasteall",1,3,1,1,13,0,8,Miss
1301,-1,3,"Naughton, Miss. Hannah",1,21,0,0,7,2,8,Miss
1302,-1,1,"Minahan, Mrs. William Edward (Lillian E Thorpe)",1,37,1,0,90,2,3,Mrs
1303,-1,3,"Henriksson, Miss. Jenny Lovisa",1,28,0,0,7,0,8,Miss
1304,-1,3,"Spector, Mr. Woolf",0,26,0,0,8,0,8,Mr
1305,-1,1,"Oliva y Ocana, Dona. Fermina",1,39,0,0,108,1,3,Rare
1306,-1,3,"Saether, Mr. Simon Sivertsen",0,38,0,0,7,0,8,Mr
1307,-1,3,"Ware, Mr. Frederick",0,40,0,0,8,0,8,Mr
1308,-1,3,"Peter, Master. Michael J",0,37,1,1,22,1,8,Master
